LEVEL_2,LEVEL_3,LEVEL_4,TITLE,Product Number
Stationery,Most Popular,,Classic Smiley,3046312
Stationery,Most Popular,,Smiling Strawberry,3046509
Stationery,Most Popular,,All in a Row,3045564
Stationery,Most Popular,,Baby Pyramid,3044595
Stationery,Most Popular,,Proud American,3045064
Stationery,Most Popular,,Nice Putt,3045123
Stationery,Most Popular,,Cloud Skating,3046481
Stationery,Most Popular,,Nightlife,3046476
Stationery,Most Popular,,Beauty Detail,3045842
Stationery,Most Popular,,Pointing Bear,3045580
Stationery,Most Popular,,Summer Fun,3045283
Stationery,Most Popular,,Babies Got Back,3044590
Stationery,Most Popular,,Street Punk,3046244
Stationery,Most Popular,,Unicorn's Forest,3046272
Stationery,Most Popular,,Koala Time,3044999
Stationery,Most Popular,,Puppy Face,3046555
Stationery,Most Popular,,Country Hearts,3045312
Stationery,Most Popular,,Who''s Weird?,3044710
Stationery,Most Popular,,Orange Cat,3046567
Stationery,Most Popular,,Bubble Girl,3046234
Stationery,Most Popular,,Mystik Castle,3046269
Stationery,Most Popular,,Hard at Work,3044894
Stationery,Most Popular,,The Winner,3045136
Stationery,Most Popular,,Round n' Happy,3046317
Stationery,Most Popular,,Ladybug,3045224
Stationery,Most Popular,,Hugs & Kisses,3046492
Stationery,Most Popular,,Celebrate!,3045294
Stationery,Most Popular,,Fishtank,3045090
Stationery,Most Popular,,Happy Pup,3044887
Stationery,Bubblegum,,Work Work Work,3044963
Stationery,Bubblegum,,Easy Mail,3044964
Stationery,Bubblegum,,Yummy!,3044965
Stationery,Bubblegum,,Quick Drink,3044967
Stationery,Bubblegum,,Race Time,3044968
Stationery,Bubblegum,,Boy Racer,3044969
Stationery,Bubblegum,,Hot Rodder,3044970
Stationery,Bubblegum,,Munchies,3044971
Stationery,Bubblegum,,Job Crazy,3044972
Stationery,Bubblegum,,Later Skater,3044973
Stationery,Bubblegum,,Go Mobile,3044974
Stationery,Bubblegum,,Spud Time,3044975
Stationery,Bubblegum,,Disk Driver,3044976
Stationery,Bubblegum,,Johnny Vegas,3044977
Stationery,Bubblegum,,Sweet Justice,3044978
Stationery,Bubblegum,,Super!,3044979
Stationery,Bubblegum,,Media Puppet,3044980
Stationery,Bubblegum,,Email Maniac,3044981
Stationery,Bubblegum,,Soccer Mad,3044982
Stationery,Bubblegum,,Easy,3046529
Stationery,Bubblegum,,Cool Dude,3046530
Stationery,Bubblegum,,Hug,3046531
Stationery,Bubblegum,,Groovy Chick,3046532
Stationery,Bubblegum,,Smile,3046533
Stationery,Bubblegum,,Disco Diva,3046534
Stationery,Bubblegum,,Dancing Queen,3046535
Stationery,Bubblegum,,Chocoholic,3046536
Stationery,Bubblegum,,Big Hair,3046537
Stationery,Bubblegum,,Wild n' Crazy,3046538
Stationery,Bubblegum,,Boy Racer,3046539
Stationery,Bubblegum,,Big Spender,3046540
Stationery,Bubblegum,,Chatterbox,3046541
Stationery,Bubblegum,,Fitness Freak,3046542
Stationery,Bubblegum,,Sun Junkie,3046543
Stationery,Bubblegum,,Sexy God,3046544
Stationery,Bubblegum,,Horny Devil,3046545
Stationery,Bubblegum,,Sport Crazy,3046546
Stationery,Bubblegum,,Honey Bunny,3046547
Stationery,Bubblegum,,Karaoke Star,3046548
Stationery,Bubblegum,,Buzz Head,3046549
Stationery,Bubblegum,,Happenin' Babe,3046550
Stationery,Bubblegum,,Drama Queen,3046551
Stationery,Bubblegum,,Floozy,3046552
Stationery,Bubblegum,,Elvis Dude,3046553
Stationery,Bubblegum,,Rapper Dude,3046554
Stationery,Care Bears,,Swinging Bears,3046479
Stationery,Care Bears,,Cloud Skating,3046481
Stationery,Care Bears,,Waving Bears,3046482
Stationery,Care Bears,,Playtime,3046483
Stationery,Care Bears,,Rainbow Day,3046484
Stationery,Care Bears,,Care Bears Logo,3046485
Stationery,Care Bears,,Cheerful Day,3046486
Stationery,Care Bears,,Picnic Party,3046487
Stationery,Care Bears,,Skate Line,3046488
Stationery,Care Bears,,Sweet Dreams,3046489
Stationery,Care Bears,,Works of Heart,3046490
Stationery,Care Bears,,Friends & Flowers,3046491
Stationery,Care Bears,,Hugs & Kisses,3046492
Stationery,Care Bears,,Butterfly Wishes,3046493
Stationery,Care Bears,,Broken Toy,3046494
Stationery,Care Bears,,Flying High,3046495
Stationery,Care Bears,,All Heart,3046496
Stationery,Care Bears,,Love-a-Lot Bear,3046497
Stationery,Care Bears,,Wish Bear,3046498
Stationery,Care Bears,,Good Luck Bear,3046499
Stationery,Care Bears,,My Lucky Day,3046500
Stationery,Care Bears,,Grumpy Bear,3046501
Stationery,Care Bears,,Superstar,3046502
Stationery,Strawberry Shortcake,,Very Berry Girl,3046503
Stationery,Strawberry Shortcake,,So Sweet,3046504
Stationery,Strawberry Shortcake,,Strawberry Ballerina,3046505
Stationery,Strawberry Shortcake,,Berry Poses,3046506
Stationery,Strawberry Shortcake,,Berry Comfy,3046507
Stationery,Strawberry Shortcake,,Under the Berry Tree,3046508
Stationery,Strawberry Shortcake,,Smiling Strawberry,3046509
Stationery,Strawberry Shortcake,,Basket of Berries,3046510
Stationery,Strawberry Shortcake,,Here's Strawberry,3046511
Stationery,Strawberry Shortcake,,Tree Swinging,3046512
Stationery,Strawberry Shortcake,,Swinging Girl,3046513
Stationery,Strawberry Shortcake,,Berry Cute,3046514
Stationery,Strawberry Shortcake,,Good Friends,3046515
Stationery,Strawberry Shortcake,,On My Way,3046516
Stationery,Strawberry Shortcake,,Skater Boy,3046517
Stationery,Strawberry Shortcake,,Apple Dumplin',3046518
Stationery,Strawberry Shortcake,,Girl Talk,3046519
Stationery,Strawberry Shortcake,,Smart Cookie,3046520
Stationery,Strawberry Shortcake,,Jumping Rope,3046521
Stationery,Strawberry Shortcake,,Berry Sweet,3046522
Stationery,Strawberry Shortcake,,Raining Hearts,3046523
Stationery,Strawberry Shortcake,,Strawberry & Pets,3046524
Stationery,Strawberry Shortcake,,Going Places,3046525
Stationery,Strawberry Shortcake,,Angel Cake,3046526
Stationery,Strawberry Shortcake,,Orange Blossom,3046527
Stationery,Strawberry Shortcake,,Ginger Snap,3046528
Stationery,Twisted Whiskers,,Puppy Face,3046555
Stationery,Twisted Whiskers,,Cheeky Dog,3046556
Stationery,Twisted Whiskers,,Brown-Eyed Dog,3046557
Stationery,Twisted Whiskers,,Kewpie Cat,3046558
Stationery,Twisted Whiskers,,Dotty Dog,3046559
Stationery,Twisted Whiskers,,Vampire Cat,3046560
Stationery,Twisted Whiskers,,Flames,3046561
Stationery,Twisted Whiskers,,Teary Pug,3046562
Stationery,Twisted Whiskers,,Alert Cat,3046563
Stationery,Twisted Whiskers,,Happy Dog,3046564
Stationery,Twisted Whiskers,,Caramel Spot,3046565
Stationery,Twisted Whiskers,,Green-Eyed Cat,3046566
Stationery,Twisted Whiskers,,Orange Cat,3046567
Stationery,Twisted Whiskers,,Twisted Dog,3046568
Stationery,Twisted Whiskers,,Begging Dog,3046569
Stationery,Twisted Whiskers,,Toothy Smile,3046570
Stationery,Twisted Whiskers,,Angry Dog,3046571
Stationery,Twisted Whiskers,,Furry Dog,3046572
Stationery,Twisted Whiskers,,Long Tongue,3046573
Stationery,Twisted Whiskers,,Tall Siamese,3046574
Stationery,Twisted Whiskers,,Small-Head Cat,3046575
Stationery,Twisted Whiskers,,Brown Dog,3046576
Stationery,Twisted Whiskers,,Shocked Cat,3046577
Stationery,Twisted Whiskers,,Conehead Dog,3046578
Stationery,Twisted Whiskers,,Paws Up Dog,3046579
Stationery,Twisted Whiskers,,Black & White Cat,3046580
Stationery,Animals,Cats,I'm Waiting…,3044879
Stationery,Animals,Cats,Grrrrrr,3045568
Stationery,Animals,Cats,All in a Row,3045564
Stationery,Animals,Cats,Cat & Mouse,3044866
Stationery,Animals,Cats,Kitty Party,3044865
Stationery,Animals,Cats,Circus Cat,3044867
Stationery,Animals,Cats,Cat on Hammock,3044868
Stationery,Animals,Cats,Waving Cat,3044869
Stationery,Animals,Cats,Happy Cat,3044870
Stationery,Animals,Cats,Very Interesting…,3044871
Stationery,Animals,Cats,On the Fence,3044873
Stationery,Animals,Cats,Ice Cream!,3044874
Stationery,Animals,Cats,Cool Cats,3044875
Stationery,Animals,Cats,Portrait,3044876
Stationery,Animals,Cats,Hello?,3045569
Stationery,Animals,Cats,Smitten Kitten,3044880
Stationery,Animals,Cats,Big News,3044881
Stationery,Animals,Cats,Lazy Cat,3044613
Stationery,Animals,Cats,Mount Rushmeow,3044614
Stationery,Animals,Cats,Blinkin'' Cat,3044615
Stationery,Animals,Cats,Black Cat Eyes,3044616
Stationery,Animals,Cats,Cat & Butterfly,3044617
Stationery,Animals,Cats,Swingin'' Cat,3044618
Stationery,Animals,Cats,Five Kittens,3044619
Stationery,Animals,Cats,Kitten in Mailbox,3044620
Stationery,Animals,Cats,Kitty Milk Time,3044621
Stationery,Animals,Cats,Kitten Knittin'',3044622
Stationery,Animals,Cats,Kittens in Mittens,3044623
Stationery,Animals,Cats,Hang in There Kitty,3044624
Stationery,Animals,Cats,We're Hungry!,3045107
Stationery,Animals,Cats,Love Paws,3045109
Stationery,Animals,Cats,Much Better,3045020
Stationery,Animals,Cats,Pals,3044918
Stationery,Animals,Cats,Tricky Kitty,3045068
Stationery,Animals,Cats,Nice and Cozy,3045562
Stationery,Animals,Cats,Just Add Water,3045563
Stationery,Animals,Cats,Quite the Tangle,3045565
Stationery,Animals,Cats,Just a Note,3045566
Stationery,Animals,Cats,Extra Cream,3045567
Stationery,Animals,Cats,Here Kitty,3044877
Stationery,Animals,Cats,Top of the World,3045570
Stationery,Animals,Cats,Catty Words,3044667
Stationery,Animals,Dogs,Get Tricky?,3044893
Stationery,Animals,Dogs,Skate Tricks,3044886
Stationery,Animals,Dogs,Hard at Work,3044894
Stationery,Animals,Dogs,Running Puppies,3044659
Stationery,Animals,Dogs,Waiting for News,3044890
Stationery,Animals,Dogs,In Love,3044882
Stationery,Animals,Dogs,Hot Dogs,3045545
Stationery,Animals,Dogs,Thanks!,3044883
Stationery,Animals,Dogs,Pugly,3045543
Stationery,Animals,Dogs,Dog Tired,3044897
Stationery,Animals,Dogs,Happy Pup,3044887
Stationery,Animals,Dogs,Bull's Eyes,3045538
Stationery,Animals,Dogs,Beagle Pup,3045544
Stationery,Animals,Dogs,Bubbles,3044884
Stationery,Animals,Dogs,Fido,3045110
Stationery,Animals,Dogs,Hound Dog,3045542
Stationery,Animals,Dogs,Sad & Blue,3044885
Stationery,Animals,Dogs,Air Mail,3044888
Stationery,Animals,Dogs,Retriever of Peace,3044653
Stationery,Animals,Dogs,Dog Gone,3045537
Stationery,Animals,Dogs,Paws for Thought,3044889
Stationery,Animals,Dogs,Dalmatian Pups,3044657
Stationery,Animals,Dogs,Lickety Split,3044892
Stationery,Animals,Dogs,Ahoy!,3044891
Stationery,Animals,Dogs,Grumpy Bulldog,3044650
Stationery,Animals,Dogs,Jolly Collie,3045539
Stationery,Animals,Dogs,Poodle Tricks,3044655
Stationery,Animals,Dogs,Doggy Paddle?,3044896
Stationery,Animals,Dogs,Collie Delivery,3044651
Stationery,Animals,Dogs,We're Hungry!,3045107
Stationery,Animals,Dogs,Ballet,3044895
Stationery,Animals,Dogs,Whiskers,3045541
Stationery,Animals,Dogs,Dog Tired,3044654
Stationery,Animals,Dogs,Pet Puppy,3044898
Stationery,Animals,Dogs,Bulldog Pups,3044656
Stationery,Animals,Dogs,Big Spender,3045540
Stationery,Animals,Dogs,Happy Yorkie,3044660
Stationery,Animals,Dogs,Golden Puppy,3044658
Stationery,Animals,Dogs,Love Paws,3045109
Stationery,Animals,Dogs,Spot the Dalmatian,3044652
Stationery,Animals,Dogs,Smiling Bulldog,3044649
Stationery,Animals,Dogs,Something to Bark At,3044668
Stationery,Animals,Farm Animals,Cool Cow,3044568
Stationery,Animals,Farm Animals,Chicks Feeding,3044576
Stationery,Animals,Farm Animals,How Now Cow,3045550
Stationery,Animals,Farm Animals,Running Horses,3044587
Stationery,Animals,Farm Animals,Piggy Picnic,3045103
Stationery,Animals,Farm Animals,Shake It!,3045104
Stationery,Animals,Farm Animals,Cock-a-doodle-doo!,3045112
Stationery,Animals,Farm Animals,Likely Disguise,3045113
Stationery,Animals,Farm Animals,Hay Break,3045548
Stationery,Animals,Farm Animals,Grassy Run,3045547
Stationery,Animals,Farm Animals,Mare & Foal,3045546
Stationery,Animals,Farm Animals,Rooster,3045549
Stationery,Animals,Farm Animals,Horse With Foal,3044580
Stationery,Animals,Farm Animals,Holstein Cow,3045553
Stationery,Animals,Farm Animals,Grazing Sheep,3045555
Stationery,Animals,Farm Animals,Porker,3045556
Stationery,Animals,Farm Animals,Donkey,3045557
Stationery,Animals,Farm Animals,Quiet Cattle,3045560
Stationery,Animals,Wild Animals,Monkey Thoughts,3044588
Stationery,Animals,Wild Animals,Mom & Baby Elephant,3044583
Stationery,Animals,Wild Animals,Kangaroo,3044584
Stationery,Animals,Wild Animals,Space Chimp,3045095
Stationery,Animals,Wild Animals,Giraffe,3044579
Stationery,Animals,Wild Animals,Cute Koala,3044571
Stationery,Animals,Wild Animals,Dancing Buddies,3045086
Stationery,Animals,Wild Animals,Giggle Cubs,3045098
Stationery,Animals,Wild Animals,Polar Family,3045099
Stationery,Animals,Wild Animals,Elephant,3045243
Stationery,Animals,Wild Animals,Orangutan,3045661
Stationery,Animals,Wild Animals,Upstanding Bear,3044574
Stationery,Animals,Wild Animals,Lion Profile,3044581
Stationery,Animals,Wild Animals,Catch a Star!,3045096
Stationery,Animals,Wild Animals,Star Monkey,3045097
Stationery,Animals,Wild Animals,Gorilla my Dreams,3045101
Stationery,Animals,Wild Animals,Koala Time,3044999
Stationery,Animals,Wild Animals,Two Roos,3045023
Stationery,Animals,Wild Animals,Fawn,3045656
Stationery,Animals,Wild Animals,Bear Cub,3045657
Stationery,Animals,Wild Animals,Lynx Kitten,3045658
Stationery,Animals,Wild Animals,Chimpanzee,3045660
Stationery,Animals,Wild Animals,Monkey Business,3045091
Stationery,Animals,Wild Animals,Gorilla,3045662
Stationery,Animals,Wild Animals,Pair of Chimps,3045663
Stationery,Animals,Rabbits,Happy Rabbit,3045093
Stationery,Animals,Rabbits,Boogie Bunny,3045013
Stationery,Animals,Rabbits,Rabbit Line,3045105
Stationery,Animals,Rabbits,3D Bunny,3045106
Stationery,Animals,Rabbits,Rabbits,3045111
Stationery,Animals,Rabbits,Snow Bunnies,3045108
Stationery,Animals,Rabbits,White Rabbit,3045558
Stationery,Animals,Rabbits,Rabbit,3045655
Stationery,Animals,Birds,Parrot Tracks,3044570
Stationery,Animals,Birds,Three Wise Owls,3044575
Stationery,Animals,Birds,Proud Eagle,3044578
Stationery,Animals,Birds,Usual Suspects,3045089
Stationery,Animals,Birds,Quack!,3045119
Stationery,Animals,Birds,Duck Walk,3045551
Stationery,Animals,Birds,Ostrich Stare,3045552
Stationery,Animals,Birds,Goose Feathers,3045554
Stationery,Animals,Birds,Goose Pond,3045559
Stationery,Animals,Birds,Swan Lake,3045561
Stationery,Animals,Birds,Duckie,3044679
Stationery,Animals,Bugs,Hanging Spider,3044569
Stationery,Animals,Bugs,Fluttering Butterflies,3044572
Stationery,Animals,Bugs,Bouncy Bee,3044913
Stationery,Animals,Bugs,Buzzing Along,3045233
Stationery,Animals,Bugs,Blue Moth,3045865
Stationery,Animals,Bugs,Butterflies,3044663
Stationery,Animals,Marine Life,Dolphin Talk,3044565
Stationery,Animals,Marine Life,Save the Manatee,3044566
Stationery,Animals,Marine Life,Shark Bait,3044567
Stationery,Animals,Marine Life,Clown Fish,3044577
Stationery,Animals,Marine Life,Baby Seal,3044586
Stationery,Animals,Marine Life,Shark,3045733
Stationery,Animals,Marine Life,Blue Fish,3045734
Stationery,Animals,Marine Life,Yellow Fish,3045735
Stationery,Animals,Marine Life,Magenta Fish,3045736
Stationery,Animals,Marine Life,Striped Fish,3045737
Stationery,Animals,Marine Life,Bug Eye Fish,3045739
Stationery,Animals,Marine Life,White Stripe Fish,3045740
Stationery,Animals,Marine Life,Yellow Anenome,3045741
Stationery,Animals,Marine Life,White Anenomes,3045742
Stationery,Animals,Marine Life,Manatee,3045743
Stationery,Animals,Marine Life,Clown Fish,3045744
Stationery,Animals,Marine Life,Sea Life,3045745
Stationery,Animals,Marine Life,Starfish,3045746
Stationery,Animals,Marine Life,Underwater Blossoms,3045747
Stationery,Animals,Marine Life,Octopus,3045748
Stationery,Animals,Marine Life,Cowry,3045749
Stationery,Animals,Marine Life,Shark!,3045092
Stationery,Animals,Marine Life,Fishtank,3045090
Stationery,Animals,Amphibians,Toad-ally Content,3044573
Stationery,Animals,Amphibians,Ciao!,3045118
Stationery,Animals,Amphibians,Lily Pad,3045006
Stationery,Animals,Amphibians,Toad,3045664
Stationery,Animals,Amphibians,Leapfrog Letterhead,3044671
Stationery,Animals,Reptiles,Slithering Snake,3044582
Stationery,Animals,Reptiles,Chameleon,3044585
Stationery,Animals,Other Animals,Ferret Fun,3045087
Stationery,Animals,Other Animals,Tarsier,3045088
Stationery,Animals,Other Animals,Flowers?,3045015
Stationery,Animals,Other Animals,Chipmunk,3045094
Stationery,Animals,Other Animals,Dancing Mouse,3044915
Stationery,Animals,Other Animals,Psssst!,3044939
Stationery,Animals,Other Animals,You Otter Write,3045004
Stationery,Animals,Other Animals,Snail Mail,3045217
Stationery,Animals,Other Animals,Racoon,3045659
Stationery,Anime,,BMX Boy,3046231
Stationery,Anime,,Street Punk,3046244
Stationery,Anime,,Little Booky,3046232
Stationery,Anime,,Bubble Girl & Friend,3046233
Stationery,Anime,,Bubble Girl,3046234
Stationery,Anime,,Robo Arms,3046235
Stationery,Anime,,Guitar Boy,3046236
Stationery,Anime,,Here Kitty Kitty,3046237
Stationery,Anime,,Meanie,3046238
Stationery,Anime,,Props,3046239
Stationery,Anime,,Sk8r Boi,3046240
Stationery,Anime,,Skate Critter,3046241
Stationery,Anime,,Soccer Boy,3046242
Stationery,Anime,,Street Boy,3046243
Stationery,Anime,,Sweet Chef,3046245
Stationery,Anime,,Sweetpea,3046246
Stationery,Anime,,Wavelength,3046247
Stationery,Armed Forces,,Stitched Flag,3045204
Stationery,Armed Forces,,Coast Guard,3045208
Stationery,Armed Forces,,Not Forgotten,3045210
Stationery,Armed Forces,,Navy,3045211
Stationery,Armed Forces,,Air Force,3045212
Stationery,Armed Forces,,Army,3045063
Stationery,Armed Forces,,Salute,3045716
Stationery,Armed Forces,,Fire Dust,3045717
Stationery,Armed Forces,,Plane at Sunset,3045718
Stationery,Armed Forces,,Aerial Formation,3045719
Stationery,Armed Forces,,Tank,3045720
Stationery,Armed Forces,,Rocket Launch,3045721
Stationery,Armed Forces,,Marching On,3045722
Stationery,Armed Forces,,Air Transport,3045723
Stationery,Armed Forces,,Take Off,3045724
Stationery,Armed Forces,,Parachutes,3045725
Stationery,Armed Forces,,Soldier,3045726
Stationery,Armed Forces,,Ship's Guns,3045727
Stationery,Armed Forces,,Refueling,3045728
Stationery,Armed Forces,,Helicopter,3045729
Stationery,Armed Forces,,In Training,3045730
Stationery,Armed Forces,,Gas Masks,3045731
Stationery,Armed Forces,,Beach Assault,3045732
Stationery,Arts & Letters,,Shakespeare,3045250
Stationery,Arts & Letters,,O.W. Holmes,3045247
Stationery,Arts & Letters,,Beethoven,3045251
Stationery,Arts & Letters,,Creation,3045249
Stationery,Arts & Letters,,Van Gogh,3045248
Stationery,Arts & Letters,,Degas,3045261
Stationery,Arts & Letters,,Brueghel,3045253
Stationery,Arts & Letters,,Robert Frost,3045254
Stationery,Arts & Letters,,Mozart,3045255
Stationery,Arts & Letters,,John Grey,3045256
Stationery,Arts & Letters,,Klimt,3045257
Stationery,Arts & Letters,,Brahms,3045258
Stationery,Arts & Letters,,Liszt,3045259
Stationery,Arts & Letters,,Monet,3045260
Stationery,Arts & Letters,,F.D. Sherman,3045252
Stationery,Arts & Letters,,Cassatt,3045262
Stationery,Arts & Letters,,Renoir,3045263
Stationery,Astrology,,Aquarius,3045137
Stationery,Astrology,,Aquarius II,3045138
Stationery,Astrology,,Aries,3045139
Stationery,Astrology,,Aries II,3045140
Stationery,Astrology,,Cancer,3045141
Stationery,Astrology,,Cancer II,3045142
Stationery,Astrology,,Capricorn,3045143
Stationery,Astrology,,Capricorn II,3045144
Stationery,Astrology,,Gemini,3045145
Stationery,Astrology,,Gemini II,3045146
Stationery,Astrology,,Leo,3045147
Stationery,Astrology,,Leo II,3045148
Stationery,Astrology,,Libra,3045149
Stationery,Astrology,,Libra II,3045150
Stationery,Astrology,,Pisces,3045151
Stationery,Astrology,,Pisces II,3045152
Stationery,Astrology,,Sagittarius,3045153
Stationery,Astrology,,Saggitarius II,3045154
Stationery,Astrology,,Scorpio,3045155
Stationery,Astrology,,Scorpio II,3045156
Stationery,Astrology,,Taurus,3045157
Stationery,Astrology,,Taurus II,3045158
Stationery,Astrology,,Virgo,3045159
Stationery,Astrology,,Virgo II,3045160
Stationery,Awareness / Activism,,Breast Cancer Awareness,3045358
Stationery,Awareness / Activism,,African Heritage,3045359
Stationery,Awareness / Activism,,Women's Rights,3045360
Stationery,Awareness / Activism,,Peace,3045361
Stationery,Awareness / Activism,,AIDS Awareness,3045362
Stationery,Awareness / Activism,,Endangered Species,3045363
Stationery,Awareness / Activism,,Environmentalism,3045364
Stationery,Awareness / Activism,,Native American Heritage,3045365
Stationery,Awareness / Activism,,Gay Pride,3045366
Stationery,Babies,,Tiny Toes,3044589
Stationery,Babies,,Babies Got Back,3044590
Stationery,Babies,,Baby on Belly,3044591
Stationery,Babies,,Babies Touching,3044592
Stationery,Babies,,Angel Baby,3044593
Stationery,Babies,,Baby on Potty,3044594
Stationery,Babies,,Baby Pyramid,3044595
Stationery,Babies,,Shy Baby,3044596
Stationery,Babies,,Baby Feet,3044597
Stationery,Babies,,Sleeping Baby,3044598
Stationery,Babies,,Mother & Child,3044599
Stationery,Babies,,Another Day&#133;,3044600
Stationery,Babies,,Classy Baby,3044928
Stationery,Babies,,Baby & Teddy,3046319
Stationery,Babies,,Big Yawn,3046320
Stationery,Babies,,Angel Baby,3046321
Stationery,Babies,,Angel  Smile,3046322
Stationery,Babies,,Three Bottoms,3046323
Stationery,Babies,,Two Sad,3046324
Stationery,Babies,,Baby Talk,3046325
Stationery,Babies,,So Sad,3046326
Stationery,Babies,,Bottoms Up,3046327
Stationery,Babies,,Baby Face,3046328
Stationery,Babies,,Softly Sleeping,3046329
Stationery,Babies,,Peek-a-Boo,3046330
Stationery,Babies,,Waste Not,3046331
Stationery,Babies,,Just Born,3046332
Stationery,Babies,,Pretty Baby,3046333
Stationery,Babies,,Precious Bundle,3046334
Stationery,Babies,,Tender Toes,3046335
Stationery,Backgrounds,Backgrounds,Clolor Splash,3046011
Stationery,Backgrounds,Backgrounds,Bathtime Fun,3046001
Stationery,Backgrounds,Backgrounds,Floral Stripe,3045950
Stationery,Backgrounds,Backgrounds,Giant Swirls,3046033
Stationery,Backgrounds,Backgrounds,Bright Snowflakes,3046036
Stationery,Backgrounds,Backgrounds,Retro Stars,3046037
Stationery,Backgrounds,Backgrounds,Shining Stars,3046031
Stationery,Backgrounds,Backgrounds,Jelly Beans,3045487
Stationery,Backgrounds,Backgrounds,Spotted Veining,3045488
Stationery,Backgrounds,Backgrounds,Circles And Stars,3046017
Stationery,Backgrounds,Backgrounds,Question Marks,3046032
Stationery,Backgrounds,Backgrounds,Plus Signs,3046035
Stationery,Backgrounds,Backgrounds,Gold Starburst,3045987
Stationery,Backgrounds,Backgrounds,Palm Trees,3045988
Stationery,Backgrounds,Backgrounds,Gold Wavy Lines,3046005
Stationery,Backgrounds,Backgrounds,Bowling Alley,3046000
Stationery,Backgrounds,Backgrounds,Blue Gradient,3045957
Stationery,Backgrounds,Backgrounds,Tempered Grid,3045496
Stationery,Backgrounds,Backgrounds,Green Veining,3045492
Stationery,Backgrounds,Backgrounds,Blotches,3045490
Stationery,Backgrounds,Backgrounds,Purple Haze,3045970
Stationery,Backgrounds,Backgrounds,Stylized Crest,3045948
Stationery,Backgrounds,Backgrounds,Speckled Frame,3045949
Stationery,Backgrounds,Backgrounds,Computer Circuit,3045485
Stationery,Backgrounds,Backgrounds,Sponge,3045486
Stationery,Backgrounds,Backgrounds,Green Dots,3046007
Stationery,Backgrounds,Backgrounds,Funky Flowers,3046004
Stationery,Backgrounds,Backgrounds,Beige Dots,3045989
Stationery,Backgrounds,Backgrounds,Orange Gradient,3045990
Stationery,Backgrounds,Backgrounds,Yellow Hearts,3046038
Stationery,Backgrounds,Backgrounds,Blue Flowers,3046039
Stationery,Backgrounds,Backgrounds,Grey Snow,3046024
Stationery,Backgrounds,Backgrounds,Beer,3045995
Stationery,Backgrounds,Backgrounds,Orange Skyline,3045996
Stationery,Backgrounds,Backgrounds,Orange Ovals,3045958
Stationery,Backgrounds,Backgrounds,Orange Smudge,3045959
Stationery,Backgrounds,Backgrounds,Gold Brown Dot,3045960
Stationery,Backgrounds,Backgrounds,Heart Border,3045951
Stationery,Backgrounds,Backgrounds,Orange Dot Fest,3045952
Stationery,Backgrounds,Backgrounds,Pickle Skin,3046034
Stationery,Backgrounds,Backgrounds,Acorns,3045997
Stationery,Backgrounds,Backgrounds,Green Stars,3045998
Stationery,Backgrounds,Backgrounds,Fish In Water,3045999
Stationery,Backgrounds,Backgrounds,Going Up,3045943
Stationery,Backgrounds,Backgrounds,Red Gears,3045944
Stationery,Backgrounds,Backgrounds,Volcano,3045945
Stationery,Backgrounds,Backgrounds,Blue Dots,3046012
Stationery,Backgrounds,Backgrounds,Astericks,3046026
Stationery,Backgrounds,Backgrounds,Blue Stop Sign,3045967
Stationery,Backgrounds,Backgrounds,Big Dots,3045953
Stationery,Backgrounds,Backgrounds,Purple Specks,3045954
Stationery,Backgrounds,Backgrounds,Green Dots,3045955
Stationery,Backgrounds,Backgrounds,Blue Circles,3045956
Stationery,Backgrounds,Backgrounds,Green Dancing Dot,3045968
Stationery,Backgrounds,Backgrounds,Dog Food,3045477
Stationery,Backgrounds,Backgrounds,Leather Grain,3045470
Stationery,Backgrounds,Backgrounds,Imitation Leather,3045471
Stationery,Backgrounds,Backgrounds,Gold Bubbly,3045969
Stationery,Backgrounds,Backgrounds,Thin Boxes,3046027
Stationery,Backgrounds,Backgrounds,Gold Leaves,3046025
Stationery,Backgrounds,Backgrounds,Green fade Out,3045971
Stationery,Backgrounds,Backgrounds,Boiling Point,3045972
Stationery,Backgrounds,Backgrounds,Lime Sherbert,3045973
Stationery,Backgrounds,Backgrounds,Blue Squiggle,3045974
Stationery,Backgrounds,Backgrounds,Purple Gears,3045946
Stationery,Backgrounds,Backgrounds,Spot On,3045947
Stationery,Backgrounds,Backgrounds,Green Flower,3045939
Stationery,Backgrounds,Backgrounds,Funky Waves,3045940
Stationery,Backgrounds,Backgrounds,Blue Daisy,3045981
Stationery,Backgrounds,Backgrounds,Blue Donuts,3045984
Stationery,Backgrounds,Backgrounds,Pink Clouds,3045986
Stationery,Backgrounds,Backgrounds,Maroon Flower,3045975
Stationery,Backgrounds,Backgrounds,Pink Hearts,3045976
Stationery,Backgrounds,Backgrounds,Buzz Buzz,3045977
Stationery,Backgrounds,Backgrounds,Purple Frost,3045978
Stationery,Backgrounds,Backgrounds,Chinese Takeout,3045979
Stationery,Backgrounds,Backgrounds,Chlorophyll,3045941
Stationery,Backgrounds,Backgrounds,Stitched Leather,3045472
Stationery,Backgrounds,Backgrounds,Sprouts,3045473
Stationery,Backgrounds,Backgrounds,Star Scribble,3046029
Stationery,Backgrounds,Backgrounds,Exclamations,3046030
Stationery,Backgrounds,Backgrounds,Green Bricks,3046019
Stationery,Backgrounds,Backgrounds,The Limb,3045942
Stationery,Backgrounds,Backgrounds,Beige Skews,3046020
Stationery,Backgrounds,Backgrounds,Beakers,3046021
Stationery,Backgrounds,Backgrounds,Royal Circles,3046016
Stationery,Backgrounds,Backgrounds,Pink Bubbles,3045991
Stationery,Backgrounds,Backgrounds,Purple Dots,3045992
Stationery,Backgrounds,Backgrounds,Lips,3045993
Stationery,Backgrounds,Backgrounds,Purple Flowers,3045994
Stationery,Backgrounds,Backgrounds,Purple Whirls,3046013
Stationery,Backgrounds,Backgrounds,Blue Notes,3046014
Stationery,Backgrounds,Backgrounds,Simple Lines,3046015
Stationery,Backgrounds,Backgrounds,Brown Linoleum,3045961
Stationery,Backgrounds,Backgrounds,Blue Ice,3045963
Stationery,Backgrounds,Backgrounds,Mauve Shimmer,3045964
Stationery,Backgrounds,Backgrounds,Ornaments,3046028
Stationery,Backgrounds,Backgrounds,Beige Wheels,3045983
Stationery,Backgrounds,Moods,Nightlife,3046476
Stationery,Backgrounds,Moods,Dunes,3046468
Stationery,Backgrounds,Moods,Cityscape,3046469
Stationery,Backgrounds,Moods,Meditation,3046470
Stationery,Backgrounds,Moods,Snow Fields,3046471
Stationery,Backgrounds,Moods,Mauve Moods,3046472
Stationery,Backgrounds,Moods,Stillness,3046473
Stationery,Backgrounds,Moods,Swamp,3046474
Stationery,Backgrounds,Moods,Downtown,3046475
Stationery,Backgrounds,Abstract,Puzzle,3045938
Stationery,Backgrounds,Abstract,Pebble Lights,3045481
Stationery,Backgrounds,Abstract,Garden Mesh,3045461
Stationery,Backgrounds,Abstract,Fiery,3045922
Stationery,Backgrounds,Abstract,Blue Shapes,3045923
Stationery,Backgrounds,Abstract,Purple & Rivets,3045898
Stationery,Backgrounds,Abstract,Blue Curve,3045892
Stationery,Backgrounds,Abstract,Wheel,3045935
Stationery,Backgrounds,Abstract,Candy Cane,3045937
Stationery,Backgrounds,Abstract,Yellow Curve,3045893
Stationery,Backgrounds,Abstract,Blue Lines,3046009
Stationery,Backgrounds,Abstract,Squares And Cats,3046010
Stationery,Backgrounds,Abstract,Ornamental Grate,3045478
Stationery,Backgrounds,Abstract,Tire Tread,3045479
Stationery,Backgrounds,Abstract,Plastic Fiber,3045480
Stationery,Backgrounds,Abstract,Braided Rug,3045456
Stationery,Backgrounds,Abstract,Vines,3045457
Stationery,Backgrounds,Abstract,Circular,3045448
Stationery,Backgrounds,Abstract,Geometric Landscape,3045926
Stationery,Backgrounds,Abstract,Waves on Fire,3045927
Stationery,Backgrounds,Abstract,Meadow Flowers,3045933
Stationery,Backgrounds,Abstract,Floral Closeup,3045934
Stationery,Backgrounds,Abstract,Red Bubbles,3045914
Stationery,Backgrounds,Abstract,Iridescent Feathers,3045915
Stationery,Backgrounds,Abstract,Blue Amoeba,3045916
Stationery,Backgrounds,Abstract,Blue Bubbles,3045917
Stationery,Backgrounds,Abstract,Yellow Crystals,3045911
Stationery,Backgrounds,Abstract,Green Ribbon,3045936
Stationery,Backgrounds,Abstract,Blue Mauve,3045890
Stationery,Backgrounds,Abstract,Blue Silver,3045891
Stationery,Backgrounds,Abstract,Metal Swirls,3045904
Stationery,Backgrounds,Abstract,Metal Work,3045905
Stationery,Backgrounds,Abstract,Marble Tones,3045894
Stationery,Backgrounds,Abstract,Rectangles & Squares,3045895
Stationery,Backgrounds,Abstract,Oil Spill,3045908
Stationery,Backgrounds,Abstract,Peacock,3045909
Stationery,Backgrounds,Abstract,Wire Sun,3045902
Stationery,Backgrounds,Abstract,Web,3045903
Stationery,Backgrounds,Abstract,Patina Graph,3045906
Stationery,Backgrounds,Abstract,Blue Buttons,3045929
Stationery,Backgrounds,Abstract,Angle Edge,3045930
Stationery,Backgrounds,Abstract,Gold Arch,3045931
Stationery,Backgrounds,Abstract,Blue Clouds,3045932
Stationery,Backgrounds,Abstract,Purple Alien,3045982
Stationery,Backgrounds,Stone,Smooth Stipple,3045870
Stationery,Backgrounds,Stone,Gray Marble,3045445
Stationery,Backgrounds,Stone,Orange Marble,3045912
Stationery,Backgrounds,Stone,Green Marble,3046022
Stationery,Backgrounds,Stone,Mottled Marble,3045466
Stationery,Backgrounds,Stone,Green Marble,3045476
Stationery,Backgrounds,Stone,Foundation,3045500
Stationery,Backgrounds,Stone,Tan Marble,3045452
Stationery,Backgrounds,Stone,Burnt Marble,3045925
Stationery,Backgrounds,Stone,Rose Marble,3045440
Stationery,Backgrounds,Stone,Crushed Stone,3045871
Stationery,Backgrounds,Stone,Fatiqued,3045444
Stationery,Backgrounds,Stone,Granite 2,3045493
Stationery,Backgrounds,Stone,Multi-Stone,3045499
Stationery,Backgrounds,Stone,Sandstone,3045872
Stationery,Backgrounds,Stone,Taupe Marble,3045453
Stationery,Backgrounds,Stone,Rusted Slate,3045910
Stationery,Backgrounds,Stone,Moonscape,3045491
Stationery,Backgrounds,Stone,Quarried,3045498
Stationery,Backgrounds,Stone,Marble Quartz,3045447
Stationery,Backgrounds,Stone,Marble Shale,3045451
Stationery,Backgrounds,Stone,Marble,3045454
Stationery,Backgrounds,Stone,Concrete,3045459
Stationery,Backgrounds,Stone,Granite,3045460
Stationery,Backgrounds,Stone,Raked Stone,3045502
Stationery,Backgrounds,Stone,Dark Blue Marble,3045443
Stationery,Backgrounds,Stone,Grooved Trowel,3045875
Stationery,Backgrounds,Stone,Asphalt,3045876
Stationery,Backgrounds,Stone,Mauve Stipple,3045921
Stationery,Backgrounds,Stone,Gray Weeds,3045441
Stationery,Backgrounds,Stone,Golden,3045442
Stationery,Backgrounds,Stone,Stone Walk,3045501
Stationery,Backgrounds,Stone,Sandstone Brick,3045497
Stationery,Backgrounds,Stone,Blue Marble,3045439
Stationery,Backgrounds,Stone,Brown Marble,3045469
Stationery,Backgrounds,Stone,Open Marbling,3045494
Stationery,Backgrounds,Metal,Metal Circle,3045919
Stationery,Backgrounds,Metal,Stainless Steel,3045896
Stationery,Backgrounds,Metal,Riveting,3045897
Stationery,Backgrounds,Metal,Liquid Foil,3045913
Stationery,Backgrounds,Metal,Bearings,3045899
Stationery,Backgrounds,Metal,One Bearing,3045900
Stationery,Backgrounds,Metal,Metal Border,3045918
Stationery,Backgrounds,Metal,Brushed,3045901
Stationery,Backgrounds,Metal,Metal Ring,3045920
Stationery,Backgrounds,Metal,Blue Circle,3045436
Stationery,Backgrounds,Metal,Metal Mesh,3045464
Stationery,Backgrounds,Metal,Galvanized,3045467
Stationery,Backgrounds,Metal,Conduit,3045465
Stationery,Backgrounds,Metal,Bolted,3045907
Stationery,Backgrounds,Metal,Metal Plate,3045468
Stationery,Backgrounds,Wood,Wood Paneling,3045889
Stationery,Backgrounds,Wood,Bark Board,3045880
Stationery,Backgrounds,Wood,Striated,3045924
Stationery,Backgrounds,Wood,Fine Grain,3045881
Stationery,Backgrounds,Wood,Cork,3045882
Stationery,Backgrounds,Wood,Pine Growth,3045883
Stationery,Backgrounds,Wood,Etched,3045438
Stationery,Backgrounds,Wood,Particle Board,3045884
Stationery,Backgrounds,Wood,Pressboard,3045885
Stationery,Backgrounds,Wood,Wood,3045437
Stationery,Backgrounds,Wood,Weathered Wood,3045886
Stationery,Backgrounds,Wood,Plywood,3045887
Stationery,Backgrounds,Wood,Wood Ring,3045458
Stationery,Backgrounds,Wood,Chip Board,3045888
Stationery,Backgrounds,Wood,Excelsior,3045482
Stationery,Backgrounds,Paper,Yellow Speckles,3046002
Stationery,Backgrounds,Paper,Corrugated,3045449
Stationery,Backgrounds,Paper,Sandpaper,3045474
Stationery,Backgrounds,Paper,Jute,3045455
Stationery,Backgrounds,Paper,Paper Pulp,3045483
Stationery,Backgrounds,Paper,Swirl Paper,3045475
Stationery,Backgrounds,Paper,Blue Rice,3046006
Stationery,Backgrounds,Paper,Thread Weave,3045484
Stationery,Backgrounds,Paper,Yellow Parchment,3046023
Stationery,Backgrounds,Paper,Purple Paper,3046003
Stationery,Backgrounds,Paper,Peach Melba,3045965
Stationery,Backgrounds,Paper,Basket Weave,3045446
Stationery,Backgrounds,Paper,Corrugated Side,3045450
Stationery,Backgrounds,Paper,Yellow Squiggles,3046008
Stationery,Backgrounds,Paper,Subtle Beige,3046018
Stationery,Backgrounds,Plaster,Thick Stucco,3045874
Stationery,Backgrounds,Plaster,Oatmeal,3045495
Stationery,Backgrounds,Plaster,Primed,3045489
Stationery,Backgrounds,Plaster,Gray-Speckled,3045463
Stationery,Backgrounds,Plaster,Gesso Texture,3045928
Stationery,Backgrounds,Plaster,Patched Stucco,3045873
Stationery,Backgrounds,Plaster,Trowel Marks,3045877
Stationery,Backgrounds,Plaster,Plaster,3045878
Stationery,Backgrounds,Plaster,Cracked Stucco,3045879
Stationery,Business,,Donuts!,3045179
Stationery,Business,,So Much Work!,3044612
Stationery,Business,,Work Work Work,3044963
Stationery,Business,,Desk Objects,3045427
Stationery,Business,,Multi-tasker,3045431
Stationery,Business,,Talk to the hand!,3045409
Stationery,Business,,Yellow Legal Pad,3044607
Stationery,Business,,Fortune Cookie,3044603
Stationery,Business,,User Error,3045416
Stationery,Business,,Marble Border,3044608
Stationery,Business,,You want it when?,3045404
Stationery,Business,,Job Crazy,3044972
Stationery,Business,,Word Jumble,3045985
Stationery,Business,,Colorful Desktop,3045428
Stationery,Business,,Reams of Smiles,3045171
Stationery,Business,,Out to Lunch,3045433
Stationery,Business,,Happiness Dance,3045170
Stationery,Business,,Top Secret!,3045413
Stationery,Business,,Happy pressure!,3045420
Stationery,Business,,Blah Blah Blah,3045177
Stationery,Business,,Desktop,3045430
Stationery,Business,,How Ya Bee?,3045174
Stationery,Business,,Busy Woman,3045425
Stationery,Business,,Time out!,3045406
Stationery,Business,,Chair Race,3045421
Stationery,Business,,Guy at Desk,3045432
Stationery,Business,,Clean Sweep,3045181
Stationery,Business,,Ancient Proverb,3044610
Stationery,Business,,Done yet?,3045418
Stationery,Business,,Objects Border,3045434
Stationery,Business,,PC Alert,3045173
Stationery,Business,,Blueprint Style,3044601
Stationery,Business,,Water Cooler,3045178
Stationery,Business,,Tumble Pattern,3045435
Stationery,Business,,New Fandangled!,3044611
Stationery,Business,,Don't look at me!,3045411
Stationery,Business,,No pressure!,3045419
Stationery,Business,,Desk Art,3045424
Stationery,Business,,Office Fodder,3045426
Stationery,Business,,Moving Gears,3044604
Stationery,Business,,Work Party Humor,3044605
Stationery,Business,,Smile!,3045412
Stationery,Business,,Crazed Woman,3045422
Stationery,Business,,SuperWorker!,3045175
Stationery,Business,,T.G.I.F.,3045182
Stationery,Business,,Piled High,3044602
Stationery,Business,,The Blahs,3045183
Stationery,Business,,More Coffee!,3044609
Stationery,Business,,Got stress?,3045410
Stationery,Business,,Smile!,3045414
Stationery,Business,,Money Dance,3045176
Stationery,Business,,Heads Up!,3045405
Stationery,Business,,NOW!,3045417
Stationery,Business,,Daily Grind,3045180
Stationery,Business,,It's all about you!,3045407
Stationery,Business,,Closed Door Meeting,3045415
Stationery,Business,,Power Meeting,3045408
Stationery,Business,,Just a note...,3044606
Stationery,Celebrations / Events,,Surprise Package,3045290
Stationery,Celebrations / Events,,Let's Dance!,3045291
Stationery,Celebrations / Events,,Cupcake,3045292
Stationery,Celebrations / Events,,Just for You,3045293
Stationery,Celebrations / Events,,Celebrate!,3045294
Stationery,Celebrations / Events,,Delivery,3045295
Stationery,Celebrations / Events,,A New Baby,3045297
Stationery,Celebrations / Events,,Housewarming,3045299
Stationery,Celebrations / Events,,Anniversary,3045300
Stationery,Celebrations / Events,,Be There!,3045301
Stationery,Celebrations / Events,,Better or Worse,3045302
Stationery,Celebrations / Events,,Please Come,3045303
Stationery,Celebrations / Events,,A Toast!,3045375
Stationery,Celebrations / Events,,Wedding Bells,3044673
Stationery,Celebrations / Events,,Presenting&#133;,3044680
Stationery,Celebrations / Events,,Bobbing Balloons,3044669
Stationery,Cute,,Bee Boppin'',3044637
Stationery,Cute,,Bear With Rose,3044638
Stationery,Cute,,Forest Frolic,3044639
Stationery,Cute,,Balloon Bears,3044640
Stationery,Cute,,Smiley Guy,3045588
Stationery,Cute,,Cute Duckie,3044642
Stationery,Cute,,Little Teddy Bears,3044643
Stationery,Cute,,Playful Puppy,3044644
Stationery,Cute,,Beddy-Bye Bear,3044645
Stationery,Cute,,Otter Backstroke,3044646
Stationery,Cute,,Waving Pickle,3045573
Stationery,Cute,,Old Teddy Bear,3044648
Stationery,Cute,,Scaredy Cat,3044899
Stationery,Cute,,Blue Bugkid,3044907
Stationery,Cute,,Parade Time,3044912
Stationery,Cute,,Bertram!,3044926
Stationery,Cute,,Can I Be Frank?,3044929
Stationery,Cute,,Red Riding Hood,3045571
Stationery,Cute,,Tons o'' Teddies,3044647
Stationery,Cute,,Pointing Bear,3045580
Stationery,Cute,,Starry Bears,3045581
Stationery,Cute,,Pigs in Mud,3045583
Stationery,Cute,,Two Kitties,3045584
Stationery,Cute,,Laughing Bear,3045585
Stationery,Cute,,Bumble Kitty,3045586
Stationery,Cute,,Dude in Cap,3045587
Stationery,Cute,,Baking Cookies,3044641
Stationery,Cute,,Holy Smokes,3045589
Stationery,Cute,,Puddle Party,3045590
Stationery,Cute,,Sprinkling Man,3045591
Stationery,Cute,,Number One,3045592
Stationery,Cute,,Happy Family,3045593
Stationery,Cute,,Little Guy,3045596
Stationery,Cute,,Sweet Angel,3045392
Stationery,Days of the Week,,Classic Monday,3046182
Stationery,Days of the Week,,Fun Monday,3046189
Stationery,Days of the Week,,Extreme Monday,3046196
Stationery,Days of the Week,,Formal Monday,3046203
Stationery,Days of the Week,,Classic Tuesday,3046183
Stationery,Days of the Week,,Fun Tuesday,3046190
Stationery,Days of the Week,,Extreme Tuesday,3046197
Stationery,Days of the Week,,Formal Tuesday,3046204
Stationery,Days of the Week,,Classic Wednesday,3046184
Stationery,Days of the Week,,Fun Wednesday,3046191
Stationery,Days of the Week,,Extreme Wednesday,3046198
Stationery,Days of the Week,,Formal Wednesday,3046205
Stationery,Days of the Week,,Classic Thursday,3046185
Stationery,Days of the Week,,Fun Thursday,3046192
Stationery,Days of the Week,,Extreme Thursday,3046199
Stationery,Days of the Week,,Formal Thursday,3046206
Stationery,Days of the Week,,Classic Friday,3046186
Stationery,Days of the Week,,Fun Friday,3046193
Stationery,Days of the Week,,Extreme Friday,3046200
Stationery,Days of the Week,,Formal Friday,3046207
Stationery,Days of the Week,,Classic Saturday,3046187
Stationery,Days of the Week,,Fun Saturday,3046194
Stationery,Days of the Week,,Extreme Saturday,3046201
Stationery,Days of the Week,,Formal Saturday,3046208
Stationery,Days of the Week,,Classic Sunday,3046188
Stationery,Days of the Week,,Fun Sunday,3046195
Stationery,Days of the Week,,Extreme Sunday,3046202
Stationery,Days of the Week,,Formal Sunday,3046209
Stationery,Everyday,,Floating Away,3045100
Stationery,Everyday,,Fishtank,3045090
Stationery,Everyday,,Fashion Plate,3045069
Stationery,Everyday,,Knowledge,3044901
Stationery,Everyday,,Study Hard,3044902
Stationery,Everyday,,Pick a Flower,3044905
Stationery,Everyday,,Bouncy Bee,3044913
Stationery,Everyday,,Dancing Mouse,3044915
Stationery,Everyday,,Fairy Magic,3044916
Stationery,Everyday,,Buzz,3044917
Stationery,Everyday,,Apple a Day,3044923
Stationery,Everyday,,Dino Friends,3044927
Stationery,Everyday,,Classy Baby,3044928
Stationery,Everyday,,Squirrelly,3044946
Stationery,Everyday,,Let's Chat,3044934
Stationery,Everyday,,Center Stage,3044936
Stationery,Everyday,,Spud Time,3044975
Stationery,Everyday,,Passing Notes,3044938
Stationery,Everyday,,Psssst!,3044939
Stationery,Everyday,,Big Smile,3044943
Stationery,Everyday,,Help!,3044944
Stationery,Everyday,,Downtown,3044932
Stationery,Everyday,,Tube Time,3044947
Stationery,Everyday,,Monkey Around,3044951
Stationery,Everyday,,Easy Mail,3044964
Stationery,Everyday,,Yummy!,3044965
Stationery,Everyday,,Quick Drink,3044967
Stationery,Everyday,,Work Work Work,3044963
Stationery,Everyday,,Munchies,3044971
Stationery,Everyday,,Go Mobile,3044974
Stationery,Everyday,,Whisper,3044937
Stationery,Everyday,,Johnny Vegas,3044977
Stationery,Everyday,,Sweet Justice,3044978
Stationery,Everyday,,Media Puppet,3044980
Stationery,Everyday,,Get Moving,3044983
Stationery,Everyday,,Huh?,3044984
Stationery,Everyday,,The Chase,3044985
Stationery,Everyday,,Drive-by,3044986
Stationery,Everyday,,Bee Happy,3044987
Stationery,Everyday,,Make a Wish,3044990
Stationery,Everyday,,Flutterby,3044991
Stationery,Everyday,,Tweet Nothings,3044992
Stationery,Everyday,,Stormy Weather,3044993
Stationery,Everyday,,Let's Slide!,3044997
Stationery,Everyday,,Feeling Green,3044998
Stationery,Everyday,,Koala Time,3044999
Stationery,Everyday,,You Otter Write,3045004
Stationery,Everyday,,Special Delivery,3045009
Stationery,Everyday,,Bright Day,3045010
Stationery,Everyday,,Juggler,3045016
Stationery,Everyday,,Star Monkey,3045097
Stationery,Everyday,,Good Friends,3044914
Stationery,Everyday,,Hyper Billy,3044900
Stationery,Everyday,,Cartwheels,3045074
Stationery,Everyday,,Deep Snooze,3045077
Stationery,Everyday,,Moonshine,3044925
Stationery,Everyday,,Big Splash,3045003
Stationery,Everyday,,Lily Pad,3045006
Stationery,Everyday,,Boogie Bunny,3045013
Stationery,Everyday,,Snoozin',3045017
Stationery,Everyday,,Chugga Chugga,3045018
Stationery,Everyday,,Two Roos,3045023
Stationery,Everyday,,Tricky Kitty,3045068
Stationery,Everyday,,Just Thinking of You,3044678
Stationery,Everyday,,Space Odyssey,3044672
Stationery,Fantasy,,Glowing Dagger,3046268
Stationery,Fantasy,,Mystik Castle,3046269
Stationery,Fantasy,,Magic Serpent,3046270
Stationery,Fantasy,,Flight of Fantasy,3046271
Stationery,Fantasy,,Unicorn's Forest,3046272
Stationery,Fantasy,,Wooded Wonder,3046273
Stationery,Fantasy,,Battle Beast,3046274
Stationery,Fantasy,,Defending the Castle,3046275
Stationery,Fantasy,,Sorcerer's Summit,3046276
Stationery,Fantasy,,Mermaid's Friends,3046277
Stationery,Fantasy,,Winged Beauty,3046278
Stationery,Fantasy,,Princess,3044922
Stationery,Fantasy,,Blood Wars,3046279
Stationery,Fantasy,,Raging Waters,3046280
Stationery,Fantasy,,Crystal Passion,3046281
Stationery,Fantasy,,Enchanted Moment,3046282
Stationery,Fantasy,,Summoning Death,3046283
Stationery,Fantasy,,Swept Away,3046284
Stationery,Fantasy,,Fairy Magic,3044916
Stationery,Friendship,,Downtown,3044932
Stationery,Friendship,,Good Friends,3044914
Stationery,Friendship,,Dancing Mouse,3044915
Stationery,Friendship,,Buzz,3044917
Stationery,Friendship,,Pals,3044918
Stationery,Friendship,,Dino Friends,3044927
Stationery,Friendship,,Bubble Kid,3044906
Stationery,Friendship,,Let's Chat,3044934
Stationery,Friendship,,Tea Time,3044940
Stationery,Friendship,,Girl Talk,3044941
Stationery,Friendship,,Koala-ty Time,3044942
Stationery,Friendship,,Poolside,3044945
Stationery,Friendship,,Friendly Wave,3044953
Stationery,Friendship,,Veggies,3044954
Stationery,Friendship,,Just Chillin,3044955
Stationery,Friendship,,Zipper Lips,3044956
Stationery,Friendship,,Rain or Shine,3044957
Stationery,Friendship,,Silly Face,3044958
Stationery,Friendship,,Need a Hug,3044959
Stationery,Friendship,,Surprise!,3044960
Stationery,Friendship,,Email a Hug,3044961
Stationery,Friendship,,Hungry,3044962
Stationery,Friendship,,Email Maniac,3044981
Stationery,Friendship,,Peekaboo,3044995
Stationery,Friendship,,I Like You,3045007
Stationery,Friendship,,Passing Notes,3044938
Stationery,Friendship,,Just the Gossip,3045073
Stationery,Friendship,,Quiet Chat,3045080
Stationery,Friendship,,Juggle Mom,3045081
Stationery,Friendship,,Robot Fun,3045005
Stationery,Funny,,Who''s Weird?,3044710
Stationery,Funny,,Little Shaver,3045525
Stationery,Funny,,Bird's Eye View,3045514
Stationery,Funny,,Bug-eyed Frog,3044699
Stationery,Funny,,Blah Blah Blah,3045966
Stationery,Funny,,Bottom's Up,3045527
Stationery,Funny,,Team Reliever,3044715
Stationery,Funny,,Meteor Monster,3044910
Stationery,Funny,,Snow Angels,3045510
Stationery,Funny,,Kitty Cab,3045522
Stationery,Funny,,Smell the Clover,3045529
Stationery,Funny,,What's Cookin'?,3045532
Stationery,Funny,,Funny Faces,3044708
Stationery,Funny,,All Work No Play,3044697
Stationery,Funny,,Bone Dancers,3044705
Stationery,Funny,,I'm Dyin',3045507
Stationery,Funny,,Dedicated Sports Fan,3045509
Stationery,Funny,,Monkey Business,3044713
Stationery,Funny,,You've Been Sniffed!,3044718
Stationery,Funny,,Happy Meal,3045531
Stationery,Funny,,Fishing Dad,3045517
Stationery,Funny,,Toilet,3045534
Stationery,Funny,,Grinning Cat,3044701
Stationery,Funny,,Fear!,3045503
Stationery,Funny,,Mime Field,3045506
Stationery,Funny,,Saved My Butt,3044716
Stationery,Funny,,Beer''s To You,3044711
Stationery,Funny,,Job Hazard,3045520
Stationery,Funny,,A Real Shocker,3045533
Stationery,Funny,,Just Desserts,3044717
Stationery,Funny,,Gotta Tell You,3044706
Stationery,Funny,,Pull My Finger,3045512
Stationery,Funny,,Sharp Hair,3045523
Stationery,Funny,,Happy Homemaker,3045535
Stationery,Funny,,Cold Nose,3045536
Stationery,Funny,,Emoticon Man,3044698
Stationery,Funny,,Pesky Fly Paper,3044703
Stationery,Funny,,Who Nose?,3045504
Stationery,Funny,,Paper Moon,3045528
Stationery,Funny,,Blind Policeman,3045508
Stationery,Funny,,Daisy Pig,3044702
Stationery,Funny,,Shocked Girl,3045511
Stationery,Funny,,Alien Trash,3045516
Stationery,Funny,,A Penguin Tail,3044700
Stationery,Funny,,Thumb's Up,3045530
Stationery,Funny,,You''re Swell!,3044712
Stationery,Funny,,Crack Of Don,3044720
Stationery,Funny,,Cannonball Injury,3045513
Stationery,Funny,,Do the Bug Stomp,3044704
Stationery,Funny,,Mommy's Helper,3045518
Stationery,Funny,,Smart Golfer,3045515
Stationery,Funny,,Wind Beneath My Wings,3044707
Stationery,Funny,,Spittin' Image,3045519
Stationery,Funny,,Full Moon,3044714
Stationery,Funny,,End of the Rope,3044719
Stationery,Funny,,Where''s Timmy?,3044709
Stationery,Funny,,Smackeroo,3045524
Stationery,Funny,,Brainchild,3045521
Stationery,Funny,,Snow Pro,3045526
Stationery,Headlines,,Confidential,3044721
Stationery,Headlines,,Animated Hello,3044722
Stationery,Headlines,,Script Hello,3044723
Stationery,Headlines,,It's All About Me!,3046256
Stationery,Headlines,,You're Da Bomb!,3044725
Stationery,Headlines,,Extra! Extra!,3044726
Stationery,Headlines,,Handle on Life?,3044727
Stationery,Headlines,,Update,3044728
Stationery,Headlines,,This Sucks!,3044729
Stationery,Headlines,,Reality Check,3044730
Stationery,Headlines,,Here''s the Scoop,3044731
Stationery,Headlines,,Wacky World Weekly,3044732
Stationery,Headlines,,Just a Note…,3046251
Stationery,Headlines,,Proud to be an American,3046252
Stationery,Headlines,,Back to reality…,3046253
Stationery,Headlines,,Friends are Forever,3046254
Stationery,Headlines,,Just a Friendly Reminder,3046255
Stationery,Headlines,,My Life is a Sitcom!,3046259
Stationery,Headlines,,Wazzup?!?,3046257
Stationery,Headlines,,HELP!,3046258
Stationery,Headlines,,Oh. Say Can You See,3044724
Stationery,Headlines,,Hi. there!,3046260
Stationery,Headlines,,Breaking News,3046261
Stationery,Headlines,,FYI,3046262
Stationery,Headlines,,TGIF,3046263
Stationery,Headlines,,I Need a Drink,3046264
Stationery,Headlines,,Life is Short,3046265
Stationery,Headlines,,Child-Proofing,3046266
Stationery,Holidays,Memorial Day,Memorial Day,3045393
Stationery,Holidays,Memorial Day,Proud American,3045064
Stationery,Holidays,Memorial Day,Valor and Pride,3045065
Stationery,Holidays,Memorial Day,Flag Waver,3045066
Stationery,Holidays,Memorial Day,Stitched Flag,3045204
Stationery,Holidays,Memorial Day,Coast Guard,3045208
Stationery,Holidays,Memorial Day,Not Forgotten,3045210
Stationery,Holidays,Memorial Day,Navy,3045211
Stationery,Holidays,Memorial Day,Air Force,3045212
Stationery,Holidays,Memorial Day,Army,3045063
Stationery,Holidays,Memorial Day,Salute,3045716
Stationery,Holidays,Father's Day,Tee Time Border,3044787
Stationery,Holidays,Father's Day,Nice Putt,3045123
Stationery,Holidays,Father's Day,Golf,3044676
Stationery,Holidays,Father's Day,Golfer,3045666
Stationery,Holidays,Father's Day,Fisherman,3045667
Stationery,Holidays,Father's Day,Peaceful Pier,3045078
Stationery,Holidays,Father's Day,Gone Fishin',3045129
Stationery,Holidays,Father's Day,Hot Dog!,3045682
Stationery,Holidays,Father's Day,Golf,3045697
Stationery,Holidays,Independence Day,Proud American,3045064
Stationery,Holidays,Independence Day,Valor and Pride,3045065
Stationery,Holidays,Independence Day,Flag Waver,3045066
Stationery,Holidays,Independence Day,Stitched Flag,3045204
Stationery,Holidays,Grandparents Day,Grandparents Day,3045395
Stationery,Holidays,Columbus Day,Columbus Day,3045396
Stationery,Holidays,Boss's Day,Boss's Day,3045397
Stationery,Holidays,Mother-In-Law's Day,Mom-in-Law Day,3045399
Stationery,Holidays,Halloween,Halloween Bones,3045400
Stationery,Holidays,Halloween,Bertram!,3044926
Stationery,Holidays,Halloween,Can I Be Frank?,3044929
Stationery,Holidays,Thanksgiving,Turkey Dinner,3044805
Stationery,Holidays,Thanksgiving,Give Thanks,3044806
Stationery,Holidays,Thanksgiving,Turkey Time!,3044807
Stationery,Holidays,Thanksgiving,Cornucopia,3045370
Stationery,Holidays,Season's Greetings,Dove,3045372
Stationery,Holidays,Season's Greetings,Snowflake Stationery,3044683
Stationery,Holidays,Hanukkah,Hanukkah,3045373
Stationery,Holidays,Christmas,Cheeky Greeting,3044810
Stationery,Holidays,Christmas,Hanging Ornaments,3044811
Stationery,Holidays,Christmas,Holiday Stockings,3044812
Stationery,Holidays,Christmas,Snowy Forest,3044813
Stationery,Holidays,Christmas,Santa and His Sleigh,3044814
Stationery,Holidays,Christmas,Cutting the Tree,3044815
Stationery,Holidays,Christmas,Blinking Lights,3044816
Stationery,Holidays,Christmas,Louie Claus,3045367
Stationery,Holidays,Christmas,Happy Santa,3045368
Stationery,Holidays,Christmas,Open Me!,3045371
Stationery,Holidays,Christmas,Snowflake Stationery,3044683
Stationery,Holidays,Christmas,Santa Stationery,3044684
Stationery,Holidays,New Year's,A Toast!,3045375
Stationery,Holidays,New Year's,Classy Baby,3044928
Stationery,Holidays,Martin Luther King Day,MLK Jr. Day,3045376
Stationery,Holidays,Martin Luther King Day,MLK. Jr.,3045062
Stationery,Holidays,Chinese New Year,Chinese New Year,3045377
Stationery,Holidays,Groundhog Day,Groundhog Day,3045378
Stationery,Holidays,Valentine's Day,Shooting Hearts,3045369
Stationery,Holidays,Valentine's Day,Angel,3044904
Stationery,Holidays,Valentine's Day,Bubble Kid,3044906
Stationery,Holidays,Valentine's Day,Cute Cupids,3044924
Stationery,Holidays,Valentine's Day,Heart Border,3045951
Stationery,Holidays,Valentine's Day,Pink Hearts,3045976
Stationery,Holidays,Valentine's Day,Lips,3045993
Stationery,Holidays,Valentine's Day,Heart to Heart,3044675
Stationery,Holidays,Mardi Gras,Mardi Gras,3045380
Stationery,Holidays,Purim,Purim,3045381
Stationery,Holidays,St. Patrick's Day,St. Patrick's Day,3045382
Stationery,Holidays,April Fool's Day,April Fools!,3045384
Stationery,Holidays,Passover,Passover,3045385
Stationery,Holidays,Easter,Rabbit Line,3045105
Stationery,Holidays,Easter,3D Bunny,3045106
Stationery,Holidays,Easter,Happy Rabbit,3045093
Stationery,Holidays,Admin Professionals Day,Admin Professional Day,3045387
Stationery,Holidays,Mother's Day,Retro Mom,3045043
Stationery,Holidays,Mother's Day,Open Tulip,3045038
Stationery,Holidays,Mother's Day,Mother's Day Secret,3045025
Stationery,Holidays,Mother's Day,Holding Hands,3045028
Stationery,Holidays,Mother's Day,Blossom,3046248
Stationery,Holidays,May Day,May Day,3045388
Stationery,Holidays,Cinco de Mayo,Cinco de Mayo,3045389
Stationery,Holidays,Nurses Day,Nurses Day,3045390
Stationery,Just For Kids,,Yayyyyy!,3045072
Stationery,Just For Kids,,Yo! It's a yo-yo!,3044734
Stationery,Just For Kids,,Meteor Monster,3044910
Stationery,Just For Kids,,Crayon Art,3044736
Stationery,Just For Kids,,Animal Ark,3044737
Stationery,Just For Kids,,Candy Bears,3044738
Stationery,Just For Kids,,Monkey Business,3045091
Stationery,Just For Kids,,Hyper Billy,3044900
Stationery,Just For Kids,,Knowledge,3044901
Stationery,Just For Kids,,Study Hard,3044902
Stationery,Just For Kids,,Whisper,3044937
Stationery,Just For Kids,,Sporty,3044735
Stationery,Just For Kids,,Quick Note,3045075
Stationery,Just For Kids,,Pterodactyl,3044935
Stationery,Just For Kids,,School Days,3044903
Stationery,Just For Kids,,Passing Notes,3044938
Stationery,Just For Kids,,Dogs at Play,3044949
Stationery,Just For Kids,,Outside Fun,3044950
Stationery,Just For Kids,,Later Skater,3044973
Stationery,Just For Kids,,Super!,3044979
Stationery,Just For Kids,,You Rule!,3045707
Stationery,Just For Kids,,Special Delivery,3045009
Stationery,Just For Kids,,Hey. Dude!,3044733
Stationery,Just For Kids,,Cartwheels,3045074
Stationery,Just For Kids,,Dino Monster,3044933
Stationery,Just For Kids,,Backpacker,3045076
Stationery,Just For Kids,,Swinger,3045014
Stationery,Just For Kids,,Chugga Chugga,3045018
Stationery,Just For Kids,,Field Trip,3045019
Stationery,Just For Kids,,He Did It!,3045021
Stationery,Just For Kids,,SpaceBear,3045002
Stationery,Just For Kids,,Red Sports Car,3045699
Stationery,Just For Kids,,Space Surfer,3045700
Stationery,Just For Kids,,Rabbit Football,3045701
Stationery,Just For Kids,,Fall Leaves,3045703
Stationery,Just For Kids,,Sketches,3045704
Stationery,Just For Kids,,School Trophies,3045705
Stationery,Just For Kids,,Skater Dude,3045706
Stationery,Just For Kids,,Sandals,3045702
Stationery,Just For Kids,,Chillin'!,3045708
Stationery,Just For Kids,,Fast Food,3045709
Stationery,Just For Kids,,Four on the Floor,3045710
Stationery,Just For Kids,,Juggling Activities,3045711
Stationery,Just For Kids,,Electric Guitar,3045712
Stationery,Just For Kids,,Cannonball,3045713
Stationery,Just For Kids,,The Secret,3045714
Stationery,Just For Kids,,Unicorn,3045715
Stationery,Just For Kids,,Space Odyssey,3044672
Stationery,Monograms,,Windowed A,3046391
Stationery,Monograms,,Windowed B,3046392
Stationery,Monograms,,Windowed C,3046393
Stationery,Monograms,,Windowed D,3046394
Stationery,Monograms,,Windowed E,3046395
Stationery,Monograms,,Windowed F,3046396
Stationery,Monograms,,Windowed G,3046397
Stationery,Monograms,,Windowed H,3046398
Stationery,Monograms,,Windowed I,3046399
Stationery,Monograms,,Windowed J,3046400
Stationery,Monograms,,Windowed K,3046401
Stationery,Monograms,,Windowed L,3046402
Stationery,Monograms,,Windowed M,3046403
Stationery,Monograms,,Windowed N,3046404
Stationery,Monograms,,Windowed O,3046405
Stationery,Monograms,,Windowed P,3046406
Stationery,Monograms,,Windowed Q,3046407
Stationery,Monograms,,Windowed R,3046408
Stationery,Monograms,,Windowed S,3046409
Stationery,Monograms,,Windowed T,3046410
Stationery,Monograms,,Windowed U,3046411
Stationery,Monograms,,Windowed V,3046412
Stationery,Monograms,,Windowed W,3046413
Stationery,Monograms,,Windowed X,3046414
Stationery,Monograms,,Windowed Y,3046415
Stationery,Monograms,,Windowed Z,3046416
Stationery,Nature,Floral,Rotating Flowers,3045823
Stationery,Nature,Floral,Stargazer,3045824
Stationery,Nature,Floral,Petals,3045844
Stationery,Nature,Floral,Yellow Peonies,3045826
Stationery,Nature,Floral,Fuschia,3045827
Stationery,Nature,Floral,Blushing Petals,3045828
Stationery,Nature,Floral,Olympiad,3045829
Stationery,Nature,Floral,Grandiflora,3045830
Stationery,Nature,Floral,Yellow Drooper,3045831
Stationery,Nature,Floral,Exotic Pink,3045832
Stationery,Nature,Floral,Orange Orchids,3045833
Stationery,Nature,Floral,Two Pink Orchids,3045834
Stationery,Nature,Floral,Radiance,3045846
Stationery,Nature,Floral,Columbine,3045836
Stationery,Nature,Floral,Iris,3045837
Stationery,Nature,Floral,Buttercup,3045838
Stationery,Nature,Floral,Violet,3045839
Stationery,Nature,Floral,Queen Anne's Lace,3045840
Stationery,Nature,Floral,Pixie,3045841
Stationery,Nature,Floral,Beauty Detail,3045842
Stationery,Nature,Floral,Morning,3045843
Stationery,Nature,Floral,Pink Rose,3045825
Stationery,Nature,Floral,Red Intense,3045845
Stationery,Nature,Floral,Melinda,3045835
Stationery,Nature,Floral,Growing Sunflower,3044692
Stationery,Nature,Floral,Tulips,3045848
Stationery,Nature,Floral,Poppies,3044685
Stationery,Nature,Floral,Single Pink Rose,3044686
Stationery,Nature,Floral,Purple Irises,3044687
Stationery,Nature,Floral,Daisy Days,3044688
Stationery,Nature,Floral,Lavender Orange,3044689
Stationery,Nature,Floral,Pansy Background,3044690
Stationery,Nature,Floral,Rose Border,3044691
Stationery,Nature,Floral,Pink Petals,3045847
Stationery,Nature,Floral,Poinsettia Vase,3044693
Stationery,Nature,Floral,Pink Daisies,3044694
Stationery,Nature,Floral,Tulip Pots,3044695
Stationery,Nature,Floral,Bud Vase Rose,3044696
Stationery,Nature,Floral,Columbines,3045164
Stationery,Nature,Floral,Dandelion Puff,3045858
Stationery,Nature,Floral,Yellow and Pink,3045859
Stationery,Nature,Floral,Pansies,3045860
Stationery,Nature,Floral,Sowing Nectar,3045864
Stationery,Nature,Floral,Field of Poppies,3044755
Stationery,Nature,Floral,Sunflower Border,3044757
Stationery,Nature,Floral,Dandelion Puff,3044758
Stationery,Nature,Celestial,Eye of the Storm,3045802
Stationery,Nature,Celestial,Fantasy Sky,3045803
Stationery,Nature,Celestial,Orbiting,3045804
Stationery,Nature,Celestial,Red Sky,3045805
Stationery,Nature,Celestial,Constellation,3045806
Stationery,Nature,Celestial,Sombrero Galaxy,3045807
Stationery,Nature,Celestial,Mars,3045808
Stationery,Nature,Celestial,Mother Earth,3045809
Stationery,Nature,Celestial,Carina Nebula,3045810
Stationery,Nature,Celestial,Earthscape,3045811
Stationery,Nature,Celestial,South Pole,3045812
Stationery,Nature,Celestial,Saturn,3045813
Stationery,Nature,Celestial,Glowing Ring,3045814
Stationery,Nature,Celestial,View to Earth,3045815
Stationery,Nature,Celestial,Many Worlds,3045816
Stationery,Nature,Celestial,Comet,3045817
Stationery,Nature,Celestial,Evening Sky,3045821
Stationery,Nature,Celestial,Fireflies,3045822
Stationery,Nature,Celestial,Starburst,3045818
Stationery,Nature,Celestial,Earth in Space,3044740
Stationery,Nature,Celestial,Safari Sunset,3044662
Stationery,Nature,Celestial,Celestial Words,3044665
Stationery,Nature,Water,Stream,3045750
Stationery,Nature,Water,Beach,3045751
Stationery,Nature,Water,Bridge,3045752
Stationery,Nature,Water,Pier,3045753
Stationery,Nature,Water,Autumn Reflection,3045754
Stationery,Nature,Water,River Stones,3045755
Stationery,Nature,Water,Still Lake,3045756
Stationery,Nature,Water,Child's Silhouette,3045757
Stationery,Nature,Water,Moon Beach,3045758
Stationery,Nature,Water,Industry Bay,3045759
Stationery,Nature,Water,Orange Sunset,3045760
Stationery,Nature,Water,Palm Sunset,3045761
Stationery,Nature,Water,Rainbow Falls,3045762
Stationery,Nature,Water,Wilderness Lake,3045763
Stationery,Nature,Water,Frozen Isle,3045764
Stationery,Nature,Water,Fall Creek,3045765
Stationery,Nature,Water,Autumn Lake,3045766
Stationery,Nature,Water,Autumn Brook,3045767
Stationery,Nature,Water,Fall Reflection,3045768
Stationery,Nature,Water,Wave On,3045769
Stationery,Nature,Water,Crashing Waves,3045770
Stationery,Nature,Water,Surf's Up,3045771
Stationery,Nature,Water,Ocean Cliff,3045772
Stationery,Nature,Water,Ocean Sunrise,3045773
Stationery,Nature,Water,Lighthouse,3045774
Stationery,Nature,Water,White Water,3045775
Stationery,Nature,Water,Sunset Over Ocean,3044743
Stationery,Nature,Water,Night Pier,3044746
Stationery,Nature,Water,Waterfall,3044749
Stationery,Nature,Water,Fall Lake,3044750
Stationery,Nature,Water,Ocean Tide,3044752
Stationery,Nature,Water,Moon Waves,3044756
Stationery,Nature,Water,Falls,3045855
Stationery,Nature,Water,Sunset Shore,3045853
Stationery,Nature,Landscapes,Alaska,3045776
Stationery,Nature,Landscapes,Cavern,3045777
Stationery,Nature,Landscapes,Formations,3045778
Stationery,Nature,Landscapes,Stalagmites,3045779
Stationery,Nature,Landscapes,Buffalo,3045780
Stationery,Nature,Landscapes,Lighthouse,3045781
Stationery,Nature,Landscapes,Statue,3045782
Stationery,Nature,Landscapes,Ben Franklin,3045783
Stationery,Nature,Landscapes,Big City,3045784
Stationery,Nature,Landscapes,Canyonlands,3045785
Stationery,Nature,Landscapes,Swamp,3045786
Stationery,Nature,Landscapes,Mushrooms,3045787
Stationery,Nature,Landscapes,Waterwheel,3045788
Stationery,Nature,Landscapes,Bryce Canyon,3045789
Stationery,Nature,Landscapes,Ship,3045790
Stationery,Nature,Landscapes,Golden Forest,3045791
Stationery,Nature,Landscapes,Blueridge,3045792
Stationery,Nature,Landscapes,Ponies,3045793
Stationery,Nature,Landscapes,Hay Wagon,3045794
Stationery,Nature,Landscapes,Canyonlands II,3045795
Stationery,Nature,Landscapes,Herons,3045796
Stationery,Nature,Landscapes,Fishing Boats,3045797
Stationery,Nature,Landscapes,Texas Cactus,3045798
Stationery,Nature,Landscapes,Flyfishing,3045799
Stationery,Nature,Landscapes,Lighthouse,3045800
Stationery,Nature,Landscapes,Geese,3045801
Stationery,Nature,Landscapes,Winter Lane,3045231
Stationery,Nature,Nature Scenes,Lava Flow,3044739
Stationery,Nature,Nature Scenes,Pretty in Pink Coral,3044741
Stationery,Nature,Nature Scenes,Lightning Storm,3044742
Stationery,Nature,Nature Scenes,Fall Leaves,3044744
Stationery,Nature,Nature Scenes,Desert Sunset,3044745
Stationery,Nature,Nature Scenes,Winter Fence,3044747
Stationery,Nature,Nature Scenes,Palm Tree Sunset,3044748
Stationery,Nature,Nature Scenes,Winter Sun,3044751
Stationery,Nature,Nature Scenes,Shamrock Border,3044753
Stationery,Nature,Nature Scenes,Mountain Peak,3044754
Stationery,Nature,Nature Scenes,Big Mountain,3044759
Stationery,Nature,Nature Scenes,Wheat Field,3044760
Stationery,Nature,Nature Scenes,Rock Formation,3044761
Stationery,Nature,Nature Scenes,Lone Tree,3044762
Stationery,Nature,Nature Scenes,Tall Grass,3045854
Stationery,Nature,Nature Scenes,Pine Tree,3045856
Stationery,Nature,Nature Scenes,Snow Trees,3045857
Stationery,Nature,Nature Scenes,Cold Mountain,3045861
Stationery,Nature,Nature Scenes,Icy Branches,3045862
Stationery,Nature,Nature Scenes,Rust Mountain,3045863
Stationery,Nature,Nature Scenes,Red Barn,3045866
Stationery,Nature,Nature Scenes,Autumn Leaves,3045867
Stationery,Nature,Nature Scenes,Sunbeam,3045868
Stationery,Nature,Nature Scenes,Sundown Silhouette,3045869
Stationery,Nature,Illustrations,Storm Cloud,3045223
Stationery,Nature,Illustrations,Outside Fun,3044950
Stationery,Nature,Illustrations,Peaceful Pier,3045078
Stationery,Nature,Illustrations,On the Patio,3045213
Stationery,Nature,Illustrations,Sunny Day,3045214
Stationery,Nature,Illustrations,Cheery Morning,3045215
Stationery,Nature,Illustrations,Ocean Breeze,3045216
Stationery,Nature,Illustrations,Snail Mail,3045217
Stationery,Nature,Illustrations,In Bloom,3045218
Stationery,Nature,Illustrations,Countryside,3045219
Stationery,Nature,Illustrations,In the Park,3045220
Stationery,Nature,Illustrations,Autumn Day,3045221
Stationery,Nature,Illustrations,Happy Camper,3044948
Stationery,Nature,Illustrations,Ladybug,3045224
Stationery,Nature,Illustrations,Yellow Rose,3045225
Stationery,Nature,Illustrations,Hummingbird,3045226
Stationery,Nature,Illustrations,Dandelions,3045227
Stationery,Nature,Illustrations,Daybreak,3045228
Stationery,Nature,Illustrations,Breakfast!,3045229
Stationery,Nature,Illustrations,Painted Flowers,3045230
Stationery,Nature,Illustrations,Winter Lane,3045231
Stationery,Nature,Illustrations,Happy Morning,3045232
Stationery,Nature,Illustrations,Buzzing Along,3045233
Stationery,Nature,Illustrations,Autumn Hug,3045234
Stationery,Nature,Illustrations,Peaceful Landscape,3045235
Stationery,Nature,Illustrations,Climbing Vine,3045236
Stationery,Nature,Illustrations,Just a Puff,3045237
Stationery,Nature,Illustrations,Snowfall,3045238
Stationery,Nature,Illustrations,Morning Star,3045239
Stationery,Nature,Illustrations,Cattails,3045241
Stationery,Nature,Illustrations,Daisies,3045246
Stationery,Nature,Illustrations,Day at the Beach,3045222
Stationery,Nature,Illustrations,Summer Morning,3045240
Stationery,Nature,Illustrations,Words in Bloom,3044666
Stationery,Nature,Illustrations,Natural Woods,3044670
Stationery,Nature,Illustrations,Bluebells,3045161
Stationery,Nature,Illustrations,Sun Flowers,3045162
Stationery,Nature,Illustrations,Garden,3045163
Stationery,Nature,Illustrations,Cactus,3045165
Stationery,Nature,Illustrations,Ladyslipper,3045166
Stationery,Nature,Illustrations,Poppies,3045167
Stationery,Nature,Illustrations,Iris,3045168
Stationery,Nature,Illustrations,Wild Rose,3045169
Stationery,Patriotic,,Proud American,3045064
Stationery,Patriotic,,Valor and Pride,3045065
Stationery,Patriotic,,Flag Waver,3045066
Stationery,People,,Fashion Plate,3045069
Stationery,People,,Yayyyyy!,3045072
Stationery,People,,Just the Gossip,3045073
Stationery,People,,Cartwheels,3045074
Stationery,People,,Quick Note,3045075
Stationery,People,,Backpacker,3045076
Stationery,People,,Deep Snooze,3045077
Stationery,People,,Sports Nut,3045079
Stationery,People,,Quiet Chat,3045080
Stationery,People,,Juggle Mom,3045081
Stationery,Professions,,Architect,3045187
Stationery,Professions,,PC Tech,3045189
Stationery,Professions,,Chef,3045190
Stationery,Professions,,Firefighter,3045191
Stationery,Professions,,Mail Carrier,3045194
Stationery,Professions,,Day Care,3045195
Stationery,Professions,,Electrician,3045196
Stationery,Professions,,Teacher,3045197
Stationery,Professions,,Carpenter,3045203
Stationery,Professions,,Mechanic,3045200
Stationery,Professions,,Doctor,3045201
Stationery,Professions,,Scientist,3045202
Stationery,Professions,,Construction,3045689
Stationery,Romantic,,Country Hearts,3045312
Stationery,Romantic,,Virtual Kiss,3045336
Stationery,Romantic,,Loving Couple,3045323
Stationery,Romantic,,Fireworks,3044763
Stationery,Romantic,,Red Rose,3045345
Stationery,Romantic,,Kissy Fish,3045325
Stationery,Romantic,,Need a Hug,3044959
Stationery,Romantic,,Sunset Kiss,3044769
Stationery,Romantic,,Champagne Kisses,3045340
Stationery,Romantic,,I Like You!,3045008
Stationery,Romantic,,Modern Hearts,3044766
Stationery,Romantic,,Silhouette Couple,3044772
Stationery,Romantic,,Princess,3044922
Stationery,Romantic,,You''re Hot,3044771
Stationery,Romantic,,Something Fishy,3045341
Stationery,Romantic,,Wild Cat,3044994
Stationery,Romantic,,Cupid,3044765
Stationery,Romantic,,Cuddly Bears,3045331
Stationery,Romantic,,Perfect Fit,3045349
Stationery,Romantic,,Loving Hands,3044764
Stationery,Romantic,,Flirty Hearts,3045319
Stationery,Romantic,,Lips,3045993
Stationery,Romantic,,Sign of Love,3044767
Stationery,Romantic,,Quick Kiss,3045318
Stationery,Romantic,,Old-time Romance,3045347
Stationery,Romantic,,Pink Hearts,3045976
Stationery,Romantic,,Cute Cupids,3044924
Stationery,Romantic,,Steamy Love,3044768
Stationery,Romantic,,Dogs in Love,3045311
Stationery,Romantic,,Angel,3044904
Stationery,Romantic,,Love Paws,3045109
Stationery,Romantic,,SWAK,3045315
Stationery,Romantic,,Heart Bubbles,3045314
Stationery,Romantic,,Butterflies,3045342
Stationery,Romantic,,Sand Hearts,3044770
Stationery,Romantic,,Speedy Cupids,3045310
Stationery,Romantic,,Rainbow Hearts,3045328
Stationery,Romantic,,Bunny Kiss,3045335
Stationery,Romantic,,Fuzzy Bears,3045338
Stationery,Romantic,,Somebunny,3044988
Stationery,Romantic,,Retro Romance,3044773
Stationery,Romantic,,Flowers for You,3045317
Stationery,Romantic,,Blow a Kiss,3045334
Stationery,Romantic,,Big Hug,3045332
Stationery,Romantic,,Shake It. Baby!,3045348
Stationery,Romantic,,Flowers?,3045015
Stationery,Romantic,,Just Waiting…,3045282
Stationery,Romantic,,Blue Mood,3045322
Stationery,Romantic,,Single Rose,3044774
Stationery,Romantic,,Grandma Kisses,3045000
Stationery,Romantic,,Dancing Hearts,3045327
Stationery,Romantic,,Paper Cut-Outs,3045343
Stationery,Romantic,,Bubble Kid,3044906
Stationery,Romantic,,I Like You,3045007
Stationery,Romantic,,A Rose for You,3045308
Stationery,Romantic,,Bear Hug,3045330
Stationery,Romantic,,Angel Heart,3045339
Stationery,Romantic,,Loves Me?,3045001
Stationery,Romantic,,A Kiss for You,3045313
Stationery,Romantic,,Kisses All Over,3045337
Stationery,Romantic,,Roaming Eyes,3044952
Stationery,Romantic,,Ellie,3044989
Stationery,Romantic,,Heart to Heart,3044675
Stationery,School / Education,,Bus Stop,3046417
Stationery,School / Education,,At the Chalkboard,3046418
Stationery,School / Education,,Receiving Diploma,3046419
Stationery,School / Education,,Apple & Chalkboard,3046420
Stationery,School / Education,,Desktop,3046421
Stationery,School / Education,,Notepad,3046422
Stationery,School / Education,,Books,3046423
Stationery,School / Education,,Globe,3046424
Stationery,School / Education,,Retro School Days,3046425
Stationery,School / Education,,Back to School,3046426
Stationery,School / Education,,Lunchbox,3046427
Stationery,School / Education,,Bright Crayons,3046428
Stationery,School / Education,,Open Book,3046429
Stationery,School / Education,,Bad Grades,3046430
Stationery,School / Education,,Stack of Books,3046431
Stationery,School / Education,,Old School,3046432
Stationery,School / Education,,You're Tops,3046433
Stationery,School / Education,,Girl at Board,3046434
Stationery,School / Education,,Classroom,3046435
Stationery,School / Education,,caligrapher,3046436
Stationery,School / Education,,Graduation,3046437
Stationery,School / Education,,Graduates,3046438
Stationery,School / Education,,Coloring Book,3046439
Stationery,School / Education,,School Kitty,3046440
Stationery,School / Education,,Kindergarten Grad,3046441
Stationery,School / Education,,Play Dreamer,3046442
Stationery,School / Education,,New School,3046443
Stationery,School / Education,,Raising Hands,3046444
Stationery,School / Education,,Pencil Point,3046445
Stationery,School / Education,,Stacking Up,3046446
Stationery,School / Education,,Professor,3046447
Stationery,School / Education,,Dear Parents…,3046448
Stationery,School / Education,,You're Invited!,3046449
Stationery,School / Education,,Meeting!,3046450
Stationery,Seasons,Spring,Spring Joy,3046451
Stationery,Seasons,Spring,Tulips,3046452
Stationery,Seasons,Spring,Narcissus,3046453
Stationery,Seasons,Spring,Apple Blossoms,3046454
Stationery,Seasons,Spring,Cherry Blossoms,3046455
Stationery,Seasons,Spring,City Spring,3046456
Stationery,Seasons,Spring,Thaw,3046457
Stationery,Seasons,Spring,Spring Color,3046458
Stationery,Seasons,Spring,First Green,3046459
Stationery,Seasons,Spring,Snow Melt,3046460
Stationery,Seasons,Spring,Bright Daffodil,3046461
Stationery,Seasons,Spring,Spring Hatch,3046462
Stationery,Seasons,Spring,First Lilacs,3046463
Stationery,Seasons,Spring,Spring Growth,3046464
Stationery,Seasons,Spring,Budding Leaves,3046465
Stationery,Seasons,Spring,Spring Wildflowers,3046466
Stationery,Seasons,Spring,Spring Thaw,3046467
Stationery,Seasons,Spring,Spring Daisy,3045284
Stationery,Seasons,Spring,Pogo Flower,3045289
Stationery,Seasons,Summer,Summer Day,3045244
Stationery,Seasons,Summer,Summer Fun,3045283
Stationery,Seasons,Summer,Ocean,3044674
Stationery,Seasons,Autumn,Getting Colder,3045245
Stationery,Seasons,Autumn,It's Fall!,3045287
Stationery,Seasons,Autumn,Pumpkin Field,3044808
Stationery,Seasons,Autumn,Fall Barn Scene,3044809
Stationery,Seasons,Winter,Getting Colder,3045245
Stationery,Seasons,Winter,Just Waiting…,3045282
Stationery,Seasons,Winter,Snowball Fight!,3045281
Stationery,Seasons,Winter,Time to Sled!,3045285
Stationery,Seasons,Winter,Snowman Fun,3045288
Stationery,Seasons,Winter,Getting Frosty,3045286
Stationery,Smiles,,Help!,3044775
Stationery,Smiles,,Round n' Happy,3046317
Stationery,Smiles,,Smiley Border,3044777
Stationery,Smiles,,Bouncy Smiley,3044778
Stationery,Smiles,,I''m Mad!,3044779
Stationery,Smiles,,Big Smiley,3044780
Stationery,Smiles,,Smiley Stick Figure,3046302
Stationery,Smiles,,Desert Smile,3046303
Stationery,Smiles,,Big Yellow,3046304
Stationery,Smiles,,Celebrate,3046305
Stationery,Smiles,,Big Smiley,3046306
Stationery,Smiles,,Sad Smiley,3046307
Stationery,Smiles,,Help!,3046308
Stationery,Smiles,,Smile Sequence,3046309
Stationery,Smiles,,Emoticon Man,3046310
Stationery,Smiles,,Cat Smiley,3046311
Stationery,Smiles,,Classic Smiley,3046312
Stationery,Smiles,,Smiley Family,3046313
Stationery,Smiles,,Angry Face,3046314
Stationery,Smiles,,Smiley Border,3046315
Stationery,Smiles,,The Disgusting,3046316
Stationery,Smiles,,Smiley Cat,3044776
Stationery,Smiles,,Daisy Smile,3046318
Stationery,Spiritual,,Rainbow Mist,3044781
Stationery,Spiritual,,Thoughful Angel,3044782
Stationery,Spiritual,,God Bless Your Day,3044783
Stationery,Spiritual,,Sunshine Service,3044784
Stationery,Spiritual,,Sunset Worship,3044785
Stationery,Spiritual,,Lord is My Shepherd,3044786
Stationery,Sports & Hobbies,,Tee Time Border,3044787
Stationery,Sports & Hobbies,,Jumper,3045125
Stationery,Sports & Hobbies,,Race Time,3044968
Stationery,Sports & Hobbies,,Boy With Bat,3044790
Stationery,Sports & Hobbies,,Basketball,3044791
Stationery,Sports & Hobbies,,The Winner,3045136
Stationery,Sports & Hobbies,,Football Plays,3045962
Stationery,Sports & Hobbies,,Downhill Skier,3044794
Stationery,Sports & Hobbies,,Swimmer,3044795
Stationery,Sports & Hobbies,,Tennis Balls,3044796
Stationery,Sports & Hobbies,,Checkered Race Flag,3044797
Stationery,Sports & Hobbies,,Racecars,3044664
Stationery,Sports & Hobbies,,Sailing Boats,3044799
Stationery,Sports & Hobbies,,Hot Rodder,3044970
Stationery,Sports & Hobbies,,Scrimmage Stationery,3044682
Stationery,Sports & Hobbies,,High-Jump Skier,3044802
Stationery,Sports & Hobbies,,All-Star Dreams,3044803
Stationery,Sports & Hobbies,,Artist''s Tools,3044804
Stationery,Sports & Hobbies,,Armchair QB,3045120
Stationery,Sports & Hobbies,,Team USA,3045121
Stationery,Sports & Hobbies,,Bowl Game,3045122
Stationery,Sports & Hobbies,,Nice Putt,3045123
Stationery,Sports & Hobbies,,Golf,3044676
Stationery,Sports & Hobbies,,Up and Away,3044788
Stationery,Sports & Hobbies,,Soccer Mad,3044982
Stationery,Sports & Hobbies,,Scuba Time,3045127
Stationery,Sports & Hobbies,,Hi-YAH!,3045128
Stationery,Sports & Hobbies,,Gone Fishin',3045129
Stationery,Sports & Hobbies,,Yeehaw!,3045130
Stationery,Sports & Hobbies,,Half Pipe,3045131
Stationery,Sports & Hobbies,,Field Hockey,3045132
Stationery,Sports & Hobbies,,Beach Ball,3045133
Stationery,Sports & Hobbies,,Diamonds are Forever,3045134
Stationery,Sports & Hobbies,,Strike!,3045135
Stationery,Sports & Hobbies,,Instruments,3045685
Stationery,Sports & Hobbies,,Tube Time,3044947
Stationery,Sports & Hobbies,,Happy Camper,3044948
Stationery,Sports & Hobbies,,Sports Car,3044789
Stationery,Sports & Hobbies,,Boy Racer,3044969
Stationery,Sports & Hobbies,,Reading Corner,3044800
Stationery,Sports & Hobbies,,Later Skater,3044973
Stationery,Sports & Hobbies,,Disk Driver,3044976
Stationery,Sports & Hobbies,,Slalom,3045126
Stationery,Sports & Hobbies,,Peaceful Pier,3045078
Stationery,Sports & Hobbies,,Sports Nut,3045079
Stationery,Sports & Hobbies,,Race Cars,3044793
Stationery,Sports & Hobbies,,All That Racquet,3044677
Stationery,Sports & Hobbies,,Vintage Sports,3045692
Stationery,Sports & Hobbies,,Track,3045669
Stationery,Sports & Hobbies,,Soccer,3045670
Stationery,Sports & Hobbies,,Baseball,3045671
Stationery,Sports & Hobbies,,Swimming,3045672
Stationery,Sports & Hobbies,,Basketball Bear,3045665
Stationery,Sports & Hobbies,,Golfer,3045666
Stationery,Sports & Hobbies,,Fisherman,3045667
Stationery,Sports & Hobbies,,Bicycling,3045668
Stationery,Sports & Hobbies,,Basketball Babble,3044681
Stationery,Sports & Hobbies,,Martial Arts,3045675
Stationery,Sports & Hobbies,,Gymnastics,3045676
Stationery,Sports & Hobbies,,Running,3045677
Stationery,Sports & Hobbies,,Equestrian,3045678
Stationery,Sports & Hobbies,,Kayaking,3045679
Stationery,Sports & Hobbies,,Wheelchair Races,3045680
Stationery,Sports & Hobbies,,Hurdles,3045681
Stationery,Sports & Hobbies,,Hot Dog!,3045682
Stationery,Sports & Hobbies,,Accordian Player,3045683
Stationery,Sports & Hobbies,,Chit Chat,3045684
Stationery,Sports & Hobbies,,Rollerblader,3044792
Stationery,Sports & Hobbies,,Astrology,3045686
Stationery,Sports & Hobbies,,Train,3045687
Stationery,Sports & Hobbies,,Sailboat,3045688
Stationery,Sports & Hobbies,,Construction,3045689
Stationery,Sports & Hobbies,,Woodworking,3045690
Stationery,Sports & Hobbies,,Paint Tubes,3045691
Stationery,Sports & Hobbies,,Model Car,3045693
Stationery,Sports & Hobbies,,Flippers,3045694
Stationery,Sports & Hobbies,,Gardening,3045695
Stationery,Sports & Hobbies,,Guitar,3045696
Stationery,Sports & Hobbies,,Golf,3045697
Stationery,Sports & Hobbies,,Textiles,3045698
Stationery,Sports & Hobbies,,Racing Cyclist,3044798
Stationery,Sports & Hobbies,,Ice Skater,3045124
Stationery,Sports & Hobbies,,Grey Notes,3045980
Stationery,Sports & Hobbies,,Parachuting,3045674
Stationery,Sports & Hobbies,,Gardening Time,3044801
Stationery,Sports & Hobbies,,Ocean,3044674
Stationery,Technology,,Robo-Love,3046210
Stationery,Technology,,Good Friend,3046211
Stationery,Technology,,Sunny View,3046212
Stationery,Technology,,Dogged Reception,3046213
Stationery,Technology,,Satellite Dish,3046214
Stationery,Technology,,Funky Cellphones,3046215
Stationery,Technology,,Robot Border,3046216
Stationery,Technology,,Retro Phone,3046217
Stationery,Technology,,Retro Man,3046218
Stationery,Technology,,Satellite in Space,3046219
Stationery,Technology,,Gadget Man,3046220
Stationery,Technology,,Moon Walk,3046221
Stationery,Technology,,Spaced Out,3046222
Stationery,Technology,,Say Cheese!,3046223
Stationery,Technology,,Smile Pretty,3046224
Stationery,Technology,,PDA,3046225
Stationery,Technology,,Checking In,3046226
Stationery,Technology,,Game Boy,3046227
Stationery,Technology,,CD Player,3046228
Stationery,Technology,,Teen Tunes,3046229
Stationery,Technology,,Office Gadgets,3046230
Stationery,Technology,,Future Data,3044661
Stationery,Textures,,,3044817
Stationery,Textures,,,3044818
Stationery,Textures,,,3044819
Stationery,Textures,,,3044820
Stationery,Textures,,,3044821
Stationery,Textures,,,3044822
Stationery,Textures,,,3044823
Stationery,Textures,,,3044824
Stationery,Textures,,,3044825
Stationery,Textures,,,3044826
Stationery,Textures,,,3044827
Stationery,Textures,,,3044828
Stationery,Textures,,,3044829
Stationery,Textures,,,3044830
Stationery,Textures,,,3044831
Stationery,Textures,,,3044832
Stationery,Textures,,,3044833
Stationery,Textures,,,3044834
Stationery,Textures,,,3044835
Stationery,Textures,,,3044836
Stationery,Textures,,,3044837
Stationery,Textures,,,3044838
Stationery,Textures,,,3044839
Stationery,Textures,,,3044840
Stationery,Textures,,,3044841
Stationery,Textures,,,3044842
Stationery,Textures,,,3044843
Stationery,Textures,,,3044844
Stationery,Textures,,,3044845
Stationery,Textures,,,3044846
Stationery,Textures,,,3044847
Stationery,Textures,,,3044848
Stationery,Textures,,,3044849
Stationery,Textures,,,3044850
Stationery,Textures,,,3044851
Stationery,Textures,,,3044852
Stationery,Textures,,,3044853
Stationery,Textures,,,3044854
Stationery,Textures,,,3044855
Stationery,Textures,,,3044856
Stationery,Textures,,,3044857
Stationery,Textures,,,3044858
Stationery,Textures,,,3044859
Stationery,Textures,,,3044860
Stationery,Textures,,,3044861
Stationery,Textures,,,3044862
Stationery,Textures,,,3044863
Stationery,Textures,,,3044864
Stationery,Textures,,,3046040
Stationery,Textures,,,3046041
Stationery,Textures,,,3046042
Stationery,Textures,,,3046043
Stationery,Textures,,,3046044
Stationery,Textures,,,3046045
Stationery,Textures,,,3046046
Stationery,Textures,,,3046047
Stationery,Textures,,,3046048
Stationery,Textures,,,3046049
Stationery,Textures,,,3046050
Stationery,Textures,,,3046051
Stationery,Textures,,,3046052
Stationery,Textures,,,3046053
Stationery,Textures,,,3046054
Stationery,Textures,,,3046055
Stationery,Textures,,,3046056
Stationery,Textures,,,3046057
Stationery,Textures,,,3046058
Stationery,Textures,,,3046059
Stationery,Textures,,,3046060
Stationery,Textures,,,3046061
Stationery,Textures,,,3046062
Stationery,Textures,,,3046063
Stationery,Textures,,,3046064
Stationery,Textures,,,3046065
Stationery,Textures,,,3046066
Stationery,Textures,,,3046067
Stationery,Textures,,,3046068
Stationery,Textures,,,3046069
Stationery,Textures,,,3046070
Stationery,Textures,,,3046071
Stationery,Textures,,,3046072
Stationery,Textures,,,3046073
Stationery,Textures,,,3046074
Stationery,Textures,,,3046075
Stationery,Textures,,,3046076
Stationery,Textures,,,3046077
Stationery,Textures,,,3046078
Stationery,Textures,,,3046079
Stationery,Textures,,,3046080
Stationery,Textures,,,3046081
Stationery,Textures,,,3046082
Stationery,Textures,,,3046083
Stationery,Textures,,,3046084
Stationery,Textures,,,3046085
Stationery,Textures,,,3046086
Stationery,Textures,,,3046087
Stationery,Textures,,,3046088
Stationery,Textures,,,3046089
Stationery,Textures,,,3046090
Stationery,Textures,,,3046091
Stationery,Textures,,,3046092
Stationery,Textures,,,3046093
Stationery,Textures,,,3046094
Stationery,Textures,,,3046095
Stationery,Textures,,,3046096
Stationery,Textures,,,3046097
Stationery,Textures,,,3046098
Stationery,Textures,,,3046099
Stationery,Textures,,,3046100
Stationery,Textures,,,3046101
Stationery,Textures,,,3046102
Stationery,Textures,,,3046103
Stationery,Textures,,,3046104
Stationery,Textures,,,3046105
Stationery,Textures,,,3046106
Stationery,Textures,,,3046107
Stationery,Textures,,,3046108
Stationery,Textures,,,3046109
Stationery,Textures,,,3046110
Stationery,Textures,,,3046111
Stationery,Textures,,,3046112
Stationery,Textures,,,3046113
Stationery,Textures,,,3046114
Stationery,Textures,,,3046115
Stationery,Textures,,,3046116
Stationery,Textures,,,3046117
Stationery,Textures,,,3046118
Stationery,Textures,,,3046119
Stationery,Textures,,,3046120
Stationery,Textures,,,3046121
Stationery,Textures,,,3046122
Stationery,Textures,,,3046123
Stationery,Textures,,,3046124
Stationery,Textures,,,3046125
Stationery,Textures,,,3046126
Stationery,Textures,,,3046127
Stationery,Textures,,,3046128
Stationery,Textures,,,3046129
Stationery,Textures,,,3046130
Stationery,Textures,,,3046131
Stationery,Textures,,,3046132
Stationery,Textures,,,3046133
Stationery,Textures,,,3046134
Stationery,Textures,,,3046135
Stationery,Textures,,,3046136
Stationery,Textures,,,3046137
Stationery,Textures,,,3046138
Stationery,Textures,,,3046139
Stationery,Textures,,,3046140
Stationery,Textures,,,3046141
Stationery,Textures,,,3046142
Stationery,Textures,,,3046143
Stationery,Textures,,,3046144
Stationery,Textures,,,3046145
Stationery,Textures,,,3046146
Stationery,Textures,,,3046147
Stationery,Textures,,,3046148
Stationery,Textures,,,3046149
Stationery,Textures,,,3046150
Stationery,Textures,,,3046151
Stationery,Textures,,,3046152
Stationery,Textures,,,3046153
Stationery,Textures,,,3046154
Stationery,Textures,,,3046155
Stationery,Textures,,,3046156
Stationery,Textures,,,3046157
Stationery,Textures,,,3046158
Stationery,Textures,,,3046159
Stationery,Textures,,,3046160
Stationery,Textures,,,3046161
Stationery,Textures,,,3046162
Stationery,Textures,,,3046163
Stationery,Textures,,,3046164
Stationery,Textures,,,3046165
Stationery,Textures,,,3046166
Stationery,Textures,,,3046167
Stationery,Textures,,,3046168
Stationery,Textures,,,3046169
Stationery,Textures,,,3046170
Stationery,Textures,,,3046171
Stationery,Textures,,,3046172
Stationery,Textures,,,3046173
Stationery,Textures,,,3046174
Stationery,Textures,,,3046175
Stationery,Textures,,,3046176
Stationery,Textures,,,3046177
Stationery,Textures,,,3046178
Stationery,Textures,,,3046179
Stationery,Textures,,,3046180
Stationery,Textures,,,3046181
Stationery,Textures,,,3061515
Stationery,Travel,,New York,3045611
Stationery,Travel,,House of Commons,3045264
Stationery,Travel,,Japanese Crests,3045265
Stationery,Travel,,Texas,3045266
Stationery,Travel,,California,3045267
Stationery,Travel,,Florida,3045268
Stationery,Travel,,Hawaii,3045269
Stationery,Travel,,Colorado,3045270
Stationery,Travel,,We the People,3045271
Stationery,Travel,,Stonehenge,3045272
Stationery,Travel,,Time for Tea,3045273
Stationery,Travel,,Rockets' Red Glare,3045276
Stationery,Travel,,Washington DC,3045275
Stationery,Travel,,New York City,3045274
Stationery,Travel,,Old Glory,3045277
Stationery,Travel,,China,3045278
Stationery,Travel,,Happy Stars,3045279
Stationery,Travel,,Jefferson,3045280
Stationery,Travel,,Australia,3045597
Stationery,Travel,,Brazil,3045598
Stationery,Travel,,Greece,3045599
Stationery,Travel,,Egypt,3045600
Stationery,Travel,,Old Singapore,3045601
Stationery,Travel,,China,3045602
Stationery,Travel,,Southeast Asia,3045603
Stationery,Travel,,Japan,3045604
Stationery,Travel,,Nepal,3045605
Stationery,Travel,,Austria,3045606
Stationery,Travel,,Prague,3045607
Stationery,Travel,,Morocco,3045608
Stationery,Travel,,Ocean Lighthouse,3044628
Stationery,Travel,,Italy,3045610
Stationery,Travel,,Easy Mail,3044964
Stationery,Travel,,Switzerland,3045612
Stationery,Travel,,Thailand,3045613
Stationery,Travel,,Hong Kong,3045614
Stationery,Travel,,Lake District,3045615
Stationery,Travel,,Paris,3045616
Stationery,Travel,,Chicago,3045617
Stationery,Travel,,Kenya,3045618
Stationery,Travel,,Netherlands,3045619
Stationery,Travel,,San Francisco,3045620
Stationery,Travel,,Vintage Maps,3045621
Stationery,Travel,,Gold Directional,3045622
Stationery,Travel,,Turkey,3045623
Stationery,Travel,,Flower Girl,3045624
Stationery,Travel,,Turbin,3045625
Stationery,Travel,,African Woman,3045626
Stationery,Travel,,Festival,3045627
Stationery,Travel,,Musician,3045628
Stationery,Travel,,Straw Hat Boy,3045629
Stationery,Travel,,Eastern Headdress,3045630
Stationery,Travel,,Parthenon,3044625
Stationery,Travel,,Cowboy Silhouette,3044626
Stationery,Travel,,New York City,3044627
Stationery,Travel,,India,3045609
Stationery,Travel,,Eiffel Tower,3044629
Stationery,Travel,,Mayan Temple,3044630
Stationery,Travel,,Egyptian Sphinx,3044631
Stationery,Travel,,Hawaiian Volcano,3044632
Stationery,Travel,,When In Rome,3044633
Stationery,Travel,,Golden Gate Bridge,3044634
Stationery,Travel,,Lights Over the Bay,3044635
Stationery,Travel,,Japanese Hello,3044636
