REPORT_TYPE,LEVEL_1,LEVEL_2,LEVEL_3,LEVEL_4,LEVEL_5,Product Number,PRODUCT_SEQUENCE,TITLE,PATHNUMBER,SMALL_X,SMALL_Y,LARGE_X,LARGE_Y,INSIDEVERSE
HL,Everyday Photo Cards,Birthday,,,,3068444,10,Beautiful Birthday-Borderless,57054,153,76,400,200,<B>Photo Cards</B> are a great way to combine your greeting with a favorite photo.<BR><BR><B>You'll Need:</B> 4 x 8 1/2 Photo Card Paper.<BR><BR><B>Directions:</B><BR><BR><OL><LI>Click<B> Personalize and Print Your Project</B> to open the Creative Workspace.</LI><LI>Make text changes as desired.</LI><LI><B>Double click</B> on the Add-a-Photo message to add your digital photo.</LI><LI>Click <B>Print</B> to send your finished <B>Photo Card</B> greeting to the printer.</LI></OL><B>Note:</B> Please follow the print directions on the Photo Card package for exact printing.<BR><BR><B>Tips:</B><BR><BR>Print your project on scrap paper first to check the alignment. spelling. and overall look of the project.<BR>
HL,Everyday Photo Cards,Birthday,,,,3068445,20,Wonderful Year,57054,76,153,200,400,<B>Photo Cards</B> are a great way to combine your greeting with a favorite photo.<BR><BR><B>You'll Need:</B> 4 x 8 1/2 Photo Card Paper.<BR><BR><B>Directions:</B><BR><BR><OL><LI>Click<B> Personalize and Print Your Project</B> to open the Creative Workspace.</LI><LI>Make text changes as desired.</LI><LI><B>Double click</B> on the Add-a-Photo message to add your digital photo.</LI><LI>Click <B>Print</B> to send your finished <B>Photo Card</B> greeting to the printer.</LI></OL><B>Note:</B> Please follow the print directions on the Photo Card package for exact printing.<BR><BR><B>Tips:</B><BR><BR>Print your project on scrap paper first to check the alignment. spelling. and overall look of the project.<BR>
HL,Everyday Photo Cards,Birthday,,,,3068446,30,Special Wishes-Borderless,57054,153,76,400,200,<B>Photo Cards</B> are a great way to combine your greeting with a favorite photo.<BR><BR><B>You'll Need:</B> 4 x 8 1/2 Photo Card Paper.<BR><BR><B>Directions:</B><BR><BR><OL><LI>Click<B> Personalize and Print Your Project</B> to open the Creative Workspace.</LI><LI>Make text changes as desired.</LI><LI><B>Double click</B> on the Add-a-Photo message to add your digital photo.</LI><LI>Click <B>Print</B> to send your finished <B>Photo Card</B> greeting to the printer.</LI></OL><B>Note:</B> Please follow the print directions on the Photo Card package for exact printing.<BR><BR><B>Tips:</B><BR><BR>Print your project on scrap paper first to check the alignment. spelling. and overall look of the project.<BR>
HL,Everyday Photo Cards,Birthday,,,,3068447,40,Look at those Candles,57054,153,76,400,200,<B>Photo Cards</B> are a great way to combine your greeting with a favorite photo.<BR><BR><B>You'll Need:</B> 4 x 8 1/2 Photo Card Paper.<BR><BR><B>Directions:</B><BR><BR><OL><LI>Click<B> Personalize and Print Your Project</B> to open the Creative Workspace.</LI><LI>Make text changes as desired.</LI><LI><B>Double click</B> on the Add-a-Photo message to add your digital photo.</LI><LI>Click <B>Print</B> to send your finished <B>Photo Card</B> greeting to the printer.</LI></OL><B>Note:</B> Please follow the print directions on the Photo Card package for exact printing.<BR><BR><B>Tips:</B><BR><BR>Print your project on scrap paper first to check the alignment. spelling. and overall look of the project.<BR>
HL,Everyday Photo Cards,Birthday,,,,3068448,50,Classic Year-Borderless,57054,153,76,400,200,<B>Photo Cards</B> are a great way to combine your greeting with a favorite photo.<BR><BR><B>You'll Need:</B> 4 x 8 1/2 Photo Card Paper.<BR><BR><B>Directions:</B><BR><BR><OL><LI>Click<B> Personalize and Print Your Project</B> to open the Creative Workspace.</LI><LI>Make text changes as desired.</LI><LI><B>Double click</B> on the Add-a-Photo message to add your digital photo.</LI><LI>Click <B>Print</B> to send your finished <B>Photo Card</B> greeting to the printer.</LI></OL><B>Note:</B> Please follow the print directions on the Photo Card package for exact printing.<BR><BR><B>Tips:</B><BR><BR>Print your project on scrap paper first to check the alignment. spelling. and overall look of the project.<BR>
HL,Everyday Photo Cards,Birthday,,,,3068449,60,Milestone Birthday,57054,76,153,200,400,<B>Photo Cards</B> are a great way to combine your greeting with a favorite photo.<BR><BR><B>You'll Need:</B> 4 x 8 1/2 Photo Card Paper.<BR><BR><B>Directions:</B><BR><BR><OL><LI>Click<B> Personalize and Print Your Project</B> to open the Creative Workspace.</LI><LI>Make text changes as desired.</LI><LI><B>Double click</B> on the Add-a-Photo message to add your digital photo.</LI><LI>Click <B>Print</B> to send your finished <B>Photo Card</B> greeting to the printer.</LI></OL><B>Note:</B> Please follow the print directions on the Photo Card package for exact printing.<BR><BR><B>Tips:</B><BR><BR>Print your project on scrap paper first to check the alignment. spelling. and overall look of the project.<BR>
HL,Everyday Photo Cards,Birthday,,,,3068450,70,Rock That Chair,57054,153,76,400,200,<B>Photo Cards</B> are a great way to combine your greeting with a favorite photo.<BR><BR><B>You'll Need:</B> 4 x 8 1/2 Photo Card Paper.<BR><BR><B>Directions:</B><BR><BR><OL><LI>Click<B> Personalize and Print Your Project</B> to open the Creative Workspace.</LI><LI>Make text changes as desired.</LI><LI><B>Double click</B> on the Add-a-Photo message to add your digital photo.</LI><LI>Click <B>Print</B> to send your finished <B>Photo Card</B> greeting to the printer.</LI></OL><B>Note:</B> Please follow the print directions on the Photo Card package for exact printing.<BR><BR><B>Tips:</B><BR><BR>Print your project on scrap paper first to check the alignment. spelling. and overall look of the project.<BR>
HL,Everyday Photo Cards,Birthday,,,,3068451,80,Hoppy Birthday,57054,153,76,400,200,<B>Photo Cards</B> are a great way to combine your greeting with a favorite photo.<BR><BR><B>You'll Need:</B> 4 x 8 1/2 Photo Card Paper.<BR><BR><B>Directions:</B><BR><BR><OL><LI>Click<B> Personalize and Print Your Project</B> to open the Creative Workspace.</LI><LI>Make text changes as desired.</LI><LI><B>Double click</B> on the Add-a-Photo message to add your digital photo.</LI><LI>Click <B>Print</B> to send your finished <B>Photo Card</B> greeting to the printer.</LI></OL><B>Note:</B> Please follow the print directions on the Photo Card package for exact printing.<BR><BR><B>Tips:</B><BR><BR>Print your project on scrap paper first to check the alignment. spelling. and overall look of the project.<BR>
HL,Everyday Photo Cards,Birthday,,,,3068452,90,Wild Ride,57054,76,153,200,400,<B>Photo Cards</B> are a great way to combine your greeting with a favorite photo.<BR><BR><B>You'll Need:</B> 4 x 8 1/2 Photo Card Paper.<BR><BR><B>Directions:</B><BR><BR><OL><LI>Click<B> Personalize and Print Your Project</B> to open the Creative Workspace.</LI><LI>Make text changes as desired.</LI><LI><B>Double click</B> on the Add-a-Photo message to add your digital photo.</LI><LI>Click <B>Print</B> to send your finished <B>Photo Card</B> greeting to the printer.</LI></OL><B>Note:</B> Please follow the print directions on the Photo Card package for exact printing.<BR><BR><B>Tips:</B><BR><BR>Print your project on scrap paper first to check the alignment. spelling. and overall look of the project.<BR>
HL,Everyday Photo Cards,Birthday,,,,3068453,100,Beary Cute,57054,76,153,200,400,<B>Photo Cards</B> are a great way to combine your greeting with a favorite photo.<BR><BR><B>You'll Need:</B> 4 x 8 1/2 Photo Card Paper.<BR><BR><B>Directions:</B><BR><BR><OL><LI>Click<B> Personalize and Print Your Project</B> to open the Creative Workspace.</LI><LI>Make text changes as desired.</LI><LI><B>Double click</B> on the Add-a-Photo message to add your digital photo.</LI><LI>Click <B>Print</B> to send your finished <B>Photo Card</B> greeting to the printer.</LI></OL><B>Note:</B> Please follow the print directions on the Photo Card package for exact printing.<BR><BR><B>Tips:</B><BR><BR>Print your project on scrap paper first to check the alignment. spelling. and overall look of the project.<BR>
HL,Everyday Photo Cards,Birthday,,,,3068454,110,Out of this World,57054,153,76,400,200,<B>Photo Cards</B> are a great way to combine your greeting with a favorite photo.<BR><BR><B>You'll Need:</B> 4 x 8 1/2 Photo Card Paper.<BR><BR><B>Directions:</B><BR><BR><OL><LI>Click<B> Personalize and Print Your Project</B> to open the Creative Workspace.</LI><LI>Make text changes as desired.</LI><LI><B>Double click</B> on the Add-a-Photo message to add your digital photo.</LI><LI>Click <B>Print</B> to send your finished <B>Photo Card</B> greeting to the printer.</LI></OL><B>Note:</B> Please follow the print directions on the Photo Card package for exact printing.<BR><BR><B>Tips:</B><BR><BR>Print your project on scrap paper first to check the alignment. spelling. and overall look of the project.<BR>
HL,Everyday Photo Cards,Birthday,,,,3068455,120,Party Time,57054,153,76,400,200,<B>Photo Cards</B> are a great way to combine your greeting with a favorite photo.<BR><BR><B>You'll Need:</B> 4 x 8 1/2 Photo Card Paper.<BR><BR><B>Directions:</B><BR><BR><OL><LI>Click<B> Personalize and Print Your Project</B> to open the Creative Workspace.</LI><LI>Make text changes as desired.</LI><LI><B>Double click</B> on the Add-a-Photo message to add your digital photo.</LI><LI>Click <B>Print</B> to send your finished <B>Photo Card</B> greeting to the printer.</LI></OL><B>Note:</B> Please follow the print directions on the Photo Card package for exact printing.<BR><BR><B>Tips:</B><BR><BR>Print your project on scrap paper first to check the alignment. spelling. and overall look of the project.<BR>
HL,Everyday Photo Cards,Birthday,,,,3068456,130,The Star,57054,153,76,400,200,<B>Photo Cards</B> are a great way to combine your greeting with a favorite photo.<BR><BR><B>You'll Need:</B> 4 x 8 1/2 Photo Card Paper.<BR><BR><B>Directions:</B><BR><BR><OL><LI>Click<B> Personalize and Print Your Project</B> to open the Creative Workspace.</LI><LI>Make text changes as desired.</LI><LI><B>Double click</B> on the Add-a-Photo message to add your digital photo.</LI><LI>Click <B>Print</B> to send your finished <B>Photo Card</B> greeting to the printer.</LI></OL><B>Note:</B> Please follow the print directions on the Photo Card package for exact printing.<BR><BR><B>Tips:</B><BR><BR>Print your project on scrap paper first to check the alignment. spelling. and overall look of the project.<BR>
HL,Everyday Photo Cards,Announcements,,,,3068481,10,Proclamation,57059,76,153,200,400,<B>Photo Cards</B> are a great way to combine your greeting with a favorite photo.<BR><BR><B>You'll Need:</B> 4 x 8 1/2 Photo Card Paper.<BR><BR><B>Directions:</B><BR><BR><OL><LI>Click<B> Personalize and Print Your Project</B> to open the Creative Workspace.</LI><LI>Make text changes as desired.</LI><LI><B>Double click</B> on the Add-a-Photo message to add your digital photo.</LI><LI>Click <B>Print</B> to send your finished <B>Photo Card</B> greeting to the printer.</LI></OL><B>Note:</B> Please follow the print directions on the Photo Card package for exact printing.<BR><BR><B>Tips:</B><BR><BR>Print your project on scrap paper first to check the alignment. spelling. and overall look of the project.<BR>
HL,Everyday Photo Cards,Announcements,,,,3068482,20,Spread the News-Borderless,57059,153,76,400,200,<B>Photo Cards</B> are a great way to combine your greeting with a favorite photo.<BR><BR><B>You'll Need:</B> 4 x 8 1/2 Photo Card Paper.<BR><BR><B>Directions:</B><BR><BR><OL><LI>Click<B> Personalize and Print Your Project</B> to open the Creative Workspace.</LI><LI>Make text changes as desired.</LI><LI><B>Double click</B> on the Add-a-Photo message to add your digital photo.</LI><LI>Click <B>Print</B> to send your finished <B>Photo Card</B> greeting to the printer.</LI></OL><B>Note:</B> Please follow the print directions on the Photo Card package for exact printing.<BR><BR><B>Tips:</B><BR><BR>Print your project on scrap paper first to check the alignment. spelling. and overall look of the project.<BR>
HL,Everyday Photo Cards,Baby,,,,3068483,10,Congrats. Parents!,57060,76,153,200,400,<B>Photo Cards</B> are a great way to combine your greeting with a favorite photo.<BR><BR><B>You'll Need:</B> 4 x 8 1/2 Photo Card Paper.<BR><BR><B>Directions:</B><BR><BR><OL><LI>Click<B> Personalize and Print Your Project</B> to open the Creative Workspace.</LI><LI>Make text changes as desired.</LI><LI><B>Double click</B> on the Add-a-Photo message to add your digital photo.</LI><LI>Click <B>Print</B> to send your finished <B>Photo Card</B> greeting to the printer.</LI></OL><B>Note:</B> Please follow the print directions on the Photo Card package for exact printing.<BR><BR><B>Tips:</B><BR><BR>Print your project on scrap paper first to check the alignment. spelling. and overall look of the project.<BR>
HL,Everyday Photo Cards,Baby,,,,3068485,20,Join the Team,57060,76,153,200,400,<B>Photo Cards</B> are a great way to combine your greeting with a favorite photo.<BR><BR><B>You'll Need:</B> 4 x 8 1/2 Photo Card Paper.<BR><BR><B>Directions:</B><BR><BR><OL><LI>Click<B> Personalize and Print Your Project</B> to open the Creative Workspace.</LI><LI>Make text changes as desired.</LI><LI><B>Double click</B> on the Add-a-Photo message to add your digital photo.</LI><LI>Click <B>Print</B> to send your finished <B>Photo Card</B> greeting to the printer.</LI></OL><B>Note:</B> Please follow the print directions on the Photo Card package for exact printing.<BR><BR><B>Tips:</B><BR><BR>Print your project on scrap paper first to check the alignment. spelling. and overall look of the project.<BR>
HL,Everyday Photo Cards,Baby,,,,3068488,40,Sugar & Spice,57060,76,153,200,400,<B>Photo Cards</B> are a great way to combine your greeting with a favorite photo.<BR><BR><B>You'll Need:</B> 4 x 8 1/2 Photo Card Paper.<BR><BR><B>Directions:</B><BR><BR><OL><LI>Click<B> Personalize and Print Your Project</B> to open the Creative Workspace.</LI><LI>Make text changes as desired.</LI><LI><B>Double click</B> on the Add-a-Photo message to add your digital photo.</LI><LI>Click <B>Print</B> to send your finished <B>Photo Card</B> greeting to the printer.</LI></OL><B>Note:</B> Please follow the print directions on the Photo Card package for exact printing.<BR><BR><B>Tips:</B><BR><BR>Print your project on scrap paper first to check the alignment. spelling. and overall look of the project.<BR>
HL,Everyday Photo Cards,Baby,,,,3068489,50,New Baby Girl,57060,76,153,200,400,<B>Photo Cards</B> are a great way to combine your greeting with a favorite photo.<BR><BR><B>You'll Need:</B> 4 x 8 1/2 Photo Card Paper.<BR><BR><B>Directions:</B><BR><BR><OL><LI>Click<B> Personalize and Print Your Project</B> to open the Creative Workspace.</LI><LI>Make text changes as desired.</LI><LI><B>Double click</B> on the Add-a-Photo message to add your digital photo.</LI><LI>Click <B>Print</B> to send your finished <B>Photo Card</B> greeting to the printer.</LI></OL><B>Note:</B> Please follow the print directions on the Photo Card package for exact printing.<BR><BR><B>Tips:</B><BR><BR>Print your project on scrap paper first to check the alignment. spelling. and overall look of the project.<BR>
HL,Everyday Photo Cards,Baby,,,,3068486,55,Bundle of Joy,57060,153,76,400,200,<B>Photo Cards</B> are a great way to combine your greeting with a favorite photo.<BR><BR><B>You'll Need:</B> 4 x 8 1/2 Photo Card Paper.<BR><BR><B>Directions:</B><BR><BR><OL><LI>Click<B> Personalize and Print Your Project</B> to open the Creative Workspace.</LI><LI>Make text changes as desired.</LI><LI><B>Double click</B> on the Add-a-Photo message to add your digital photo.</LI><LI>Click <B>Print</B> to send your finished <B>Photo Card</B> greeting to the printer.</LI></OL><B>Note:</B> Please follow the print directions on the Photo Card package for exact printing.<BR><BR><B>Tips:</B><BR><BR>Print your project on scrap paper first to check the alignment. spelling. and overall look of the project.<BR>
HL,Everyday Photo Cards,Baby,,,,3068490,60,Our New Baby,57060,153,76,400,200,<B>Photo Cards</B> are a great way to combine your greeting with a favorite photo.<BR><BR><B>You'll Need:</B> 4 x 8 1/2 Photo Card Paper.<BR><BR><B>Directions:</B><BR><BR><OL><LI>Click<B> Personalize and Print Your Project</B> to open the Creative Workspace.</LI><LI>Make text changes as desired.</LI><LI><B>Double click</B> on the Add-a-Photo message to add your digital photo.</LI><LI>Click <B>Print</B> to send your finished <B>Photo Card</B> greeting to the printer.</LI></OL><B>Note:</B> Please follow the print directions on the Photo Card package for exact printing.<BR><BR><B>Tips:</B><BR><BR>Print your project on scrap paper first to check the alignment. spelling. and overall look of the project.<BR>
HL,Everyday Photo Cards,Baby,,,,3068491,70,New Addition,57060,153,76,400,200,<B>Photo Cards</B> are a great way to combine your greeting with a favorite photo.<BR><BR><B>You'll Need:</B> 4 x 8 1/2 Photo Card Paper.<BR><BR><B>Directions:</B><BR><BR><OL><LI>Click<B> Personalize and Print Your Project</B> to open the Creative Workspace.</LI><LI>Make text changes as desired.</LI><LI><B>Double click</B> on the Add-a-Photo message to add your digital photo.</LI><LI>Click <B>Print</B> to send your finished <B>Photo Card</B> greeting to the printer.</LI></OL><B>Note:</B> Please follow the print directions on the Photo Card package for exact printing.<BR><BR><B>Tips:</B><BR><BR>Print your project on scrap paper first to check the alignment. spelling. and overall look of the project.<BR>
HL,Everyday Photo Cards,Baby,,,,3068492,80,Why Just One?,57060,153,76,400,200,<B>Photo Cards</B> are a great way to combine your greeting with a favorite photo.<BR><BR><B>You'll Need:</B> 4 x 8 1/2 Photo Card Paper.<BR><BR><B>Directions:</B><BR><BR><OL><LI>Click<B> Personalize and Print Your Project</B> to open the Creative Workspace.</LI><LI>Make text changes as desired.</LI><LI><B>Double click</B> on the Add-a-Photo message to add your digital photo.</LI><LI>Click <B>Print</B> to send your finished <B>Photo Card</B> greeting to the printer.</LI></OL><B>Note:</B> Please follow the print directions on the Photo Card package for exact printing.<BR><BR><B>Tips:</B><BR><BR>Print your project on scrap paper first to check the alignment. spelling. and overall look of the project.<BR>
HL,Everyday Photo Cards,Celebrations,,,,3068465,10,Autumn in the Air,57056,76,153,200,400,<B>Photo Cards</B> are a great way to combine your greeting with a favorite photo.<BR><BR><B>You'll Need:</B> 4 x 8 1/2 Photo Card Paper.<BR><BR><B>Directions:</B><BR><BR><OL><LI>Click<B> Personalize and Print Your Project</B> to open the Creative Workspace.</LI><LI>Make text changes as desired.</LI><LI><B>Double click</B> on the Add-a-Photo message to add your digital photo.</LI><LI>Click <B>Print</B> to send your finished <B>Photo Card</B> greeting to the printer.</LI></OL><B>Note:</B> Please follow the print directions on the Photo Card package for exact printing.<BR><BR><B>Tips:</B><BR><BR>Print your project on scrap paper first to check the alignment. spelling. and overall look of the project.<BR>
HL,Everyday Photo Cards,Celebrations,,,,3068466,20,Spring Party,57056,76,153,200,400,<B>Photo Cards</B> are a great way to combine your greeting with a favorite photo.<BR><BR><B>You'll Need:</B> 4 x 8 1/2 Photo Card Paper.<BR><BR><B>Directions:</B><BR><BR><OL><LI>Click<B> Personalize and Print Your Project</B> to open the Creative Workspace.</LI><LI>Make text changes as desired.</LI><LI><B>Double click</B> on the Add-a-Photo message to add your digital photo.</LI><LI>Click <B>Print</B> to send your finished <B>Photo Card</B> greeting to the printer.</LI></OL><B>Note:</B> Please follow the print directions on the Photo Card package for exact printing.<BR><BR><B>Tips:</B><BR><BR>Print your project on scrap paper first to check the alignment. spelling. and overall look of the project.<BR>
HL,Everyday Photo Cards,Celebrations,,,,3068467,30,Good Friends,57056,153,76,400,200,<B>Photo Cards</B> are a great way to combine your greeting with a favorite photo.<BR><BR><B>You'll Need:</B> 4 x 8 1/2 Photo Card Paper.<BR><BR><B>Directions:</B><BR><BR><OL><LI>Click<B> Personalize and Print Your Project</B> to open the Creative Workspace.</LI><LI>Make text changes as desired.</LI><LI><B>Double click</B> on the Add-a-Photo message to add your digital photo.</LI><LI>Click <B>Print</B> to send your finished <B>Photo Card</B> greeting to the printer.</LI></OL><B>Note:</B> Please follow the print directions on the Photo Card package for exact printing.<BR><BR><B>Tips:</B><BR><BR>Print your project on scrap paper first to check the alignment. spelling. and overall look of the project.<BR>
HL,Everyday Photo Cards,Celebrations,,,,3068468,40,Summer Gathering-Borderless,57056,153,76,400,200,<B>Photo Cards</B> are a great way to combine your greeting with a favorite photo.<BR><BR><B>You'll Need:</B> 4 x 8 1/2 Photo Card Paper.<BR><BR><B>Directions:</B><BR><BR><OL><LI>Click<B> Personalize and Print Your Project</B> to open the Creative Workspace.</LI><LI>Make text changes as desired.</LI><LI><B>Double click</B> on the Add-a-Photo message to add your digital photo.</LI><LI>Click <B>Print</B> to send your finished <B>Photo Card</B> greeting to the printer.</LI></OL><B>Note:</B> Please follow the print directions on the Photo Card package for exact printing.<BR><BR><B>Tips:</B><BR><BR>Print your project on scrap paper first to check the alignment. spelling. and overall look of the project.<BR>
HL,Everyday Photo Cards,Congratulations,,,,3068477,10,Super Star,57058,76,153,200,400,<B>Photo Cards</B> are a great way to combine your greeting with a favorite photo.<BR><BR><B>You'll Need:</B> 4 x 8 1/2 Photo Card Paper.<BR><BR><B>Directions:</B><BR><BR><OL><LI>Click<B> Personalize and Print Your Project</B> to open the Creative Workspace.</LI><LI>Make text changes as desired.</LI><LI><B>Double click</B> on the Add-a-Photo message to add your digital photo.</LI><LI>Click <B>Print</B> to send your finished <B>Photo Card</B> greeting to the printer.</LI></OL><B>Note:</B> Please follow the print directions on the Photo Card package for exact printing.<BR><BR><B>Tips:</B><BR><BR>Print your project on scrap paper first to check the alignment. spelling. and overall look of the project.<BR>
HL,Everyday Photo Cards,Congratulations,,,,3068478,20,Congratulations,57058,153,76,400,200,<B>Photo Cards</B> are a great way to combine your greeting with a favorite photo.<BR><BR><B>You'll Need:</B> 4 x 8 1/2 Photo Card Paper.<BR><BR><B>Directions:</B><BR><BR><OL><LI>Click<B> Personalize and Print Your Project</B> to open the Creative Workspace.</LI><LI>Make text changes as desired.</LI><LI><B>Double click</B> on the Add-a-Photo message to add your digital photo.</LI><LI>Click <B>Print</B> to send your finished <B>Photo Card</B> greeting to the printer.</LI></OL><B>Note:</B> Please follow the print directions on the Photo Card package for exact printing.<BR><BR><B>Tips:</B><BR><BR>Print your project on scrap paper first to check the alignment. spelling. and overall look of the project.<BR>
HL,Everyday Photo Cards,Congratulations,,,,3068479,30,Bright Horizons,57058,153,76,400,200,<B>Photo Cards</B> are a great way to combine your greeting with a favorite photo.<BR><BR><B>You'll Need:</B> 4 x 8 1/2 Photo Card Paper.<BR><BR><B>Directions:</B><BR><BR><OL><LI>Click<B> Personalize and Print Your Project</B> to open the Creative Workspace.</LI><LI>Make text changes as desired.</LI><LI><B>Double click</B> on the Add-a-Photo message to add your digital photo.</LI><LI>Click <B>Print</B> to send your finished <B>Photo Card</B> greeting to the printer.</LI></OL><B>Note:</B> Please follow the print directions on the Photo Card package for exact printing.<BR><BR><B>Tips:</B><BR><BR>Print your project on scrap paper first to check the alignment. spelling. and overall look of the project.<BR>
HL,Everyday Photo Cards,Congratulations,,,,3068480,40,You Did It!,57058,76,153,200,400,<B>Photo Cards</B> are a great way to combine your greeting with a favorite photo.<BR><BR><B>You'll Need:</B> 4 x 8 1/2 Photo Card Paper.<BR><BR><B>Directions:</B><BR><BR><OL><LI>Click<B> Personalize and Print Your Project</B> to open the Creative Workspace.</LI><LI>Make text changes as desired.</LI><LI><B>Double click</B> on the Add-a-Photo message to add your digital photo.</LI><LI>Click <B>Print</B> to send your finished <B>Photo Card</B> greeting to the printer.</LI></OL><B>Note:</B> Please follow the print directions on the Photo Card package for exact printing.<BR><BR><B>Tips:</B><BR><BR>Print your project on scrap paper first to check the alignment. spelling. and overall look of the project.<BR>
HL,Everyday Photo Cards,Engagement,,,,3068501,10,We're Engaged!-Borderless,57063,153,76,400,200,<B>Photo Cards</B> are a great way to combine your greeting with a favorite photo.<BR><BR><B>You'll Need:</B> 4 x 8 1/2 Photo Card Paper.<BR><BR><B>Directions:</B><BR><BR><OL><LI>Click<B> Personalize and Print Your Project</B> to open the Creative Workspace.</LI><LI>Make text changes as desired.</LI><LI><B>Double click</B> on the Add-a-Photo message to add your digital photo.</LI><LI>Click <B>Print</B> to send your finished <B>Photo Card</B> greeting to the printer.</LI></OL><B>Note:</B> Please follow the print directions on the Photo Card package for exact printing.<BR><BR><B>Tips:</B><BR><BR>Print your project on scrap paper first to check the alignment. spelling. and overall look of the project.<BR>
HL,Everyday Photo Cards,Engagement,,,,3068502,20,Engagement Party,57063,76,153,200,400,<B>Photo Cards</B> are a great way to combine your greeting with a favorite photo.<BR><BR><B>You'll Need:</B> 4 x 8 1/2 Photo Card Paper.<BR><BR><B>Directions:</B><BR><BR><OL><LI>Click<B> Personalize and Print Your Project</B> to open the Creative Workspace.</LI><LI>Make text changes as desired.</LI><LI><B>Double click</B> on the Add-a-Photo message to add your digital photo.</LI><LI>Click <B>Print</B> to send your finished <B>Photo Card</B> greeting to the printer.</LI></OL><B>Note:</B> Please follow the print directions on the Photo Card package for exact printing.<BR><BR><B>Tips:</B><BR><BR>Print your project on scrap paper first to check the alignment. spelling. and overall look of the project.<BR>
HL,Everyday Photo Cards,Good Bye/Good Luck,,,,3068505,10,Good Luck-Borderless,57065,153,76,400,200,<B>Photo Cards</B> are a great way to combine your greeting with a favorite photo.<BR><BR><B>You'll Need:</B> 4 x 8 1/2 Photo Card Paper.<BR><BR><B>Directions:</B><BR><BR><OL><LI>Click<B> Personalize and Print Your Project</B> to open the Creative Workspace.</LI><LI>Make text changes as desired.</LI><LI><B>Double click</B> on the Add-a-Photo message to add your digital photo.</LI><LI>Click <B>Print</B> to send your finished <B>Photo Card</B> greeting to the printer.</LI></OL><B>Note:</B> Please follow the print directions on the Photo Card package for exact printing.<BR><BR><B>Tips:</B><BR><BR>Print your project on scrap paper first to check the alignment. spelling. and overall look of the project.<BR>
HL,Everyday Photo Cards,Good Bye/Good Luck,,,,3068506,20,Miss Your Smile,57065,76,153,200,400,<B>Photo Cards</B> are a great way to combine your greeting with a favorite photo.<BR><BR><B>You'll Need:</B> 4 x 8 1/2 Photo Card Paper.<BR><BR><B>Directions:</B><BR><BR><OL><LI>Click<B> Personalize and Print Your Project</B> to open the Creative Workspace.</LI><LI>Make text changes as desired.</LI><LI><B>Double click</B> on the Add-a-Photo message to add your digital photo.</LI><LI>Click <B>Print</B> to send your finished <B>Photo Card</B> greeting to the printer.</LI></OL><B>Note:</B> Please follow the print directions on the Photo Card package for exact printing.<BR><BR><B>Tips:</B><BR><BR>Print your project on scrap paper first to check the alignment. spelling. and overall look of the project.<BR>
HL,Everyday Photo Cards,Holidays,Valentine's Day,,,3068511,10,Happy Valentine's Day-Borderless,57068,153,76,400,200,<B>Photo Cards</B> are a great way to combine your greeting with a favorite photo.<BR><BR><B>You'll Need:</B> 4 x 8 1/2 Photo Card Paper.<BR><BR><B>Directions:</B><BR><BR><OL><LI>Click<B> Personalize and Print Your Project</B> to open the Creative Workspace.</LI><LI>Make text changes as desired.</LI><LI><B>Double click</B> on the Add-a-Photo message to add your digital photo.</LI><LI>Click <B>Print</B> to send your finished <B>Photo Card</B> greeting to the printer.</LI></OL><B>Note:</B> Please follow the print directions on the Photo Card package for exact printing.<BR><BR><B>Tips:</B><BR><BR>Print your project on scrap paper first to check the alignment. spelling. and overall look of the project.<BR>
HL,Everyday Photo Cards,Holidays,Valentine's Day,,,3068512,20,Classic Love,57068,153,76,400,200,<B>Photo Cards</B> are a great way to combine your greeting with a favorite photo.<BR><BR><B>You'll Need:</B> 4 x 8 1/2 Photo Card Paper.<BR><BR><B>Directions:</B><BR><BR><OL><LI>Click<B> Personalize and Print Your Project</B> to open the Creative Workspace.</LI><LI>Make text changes as desired.</LI><LI><B>Double click</B> on the Add-a-Photo message to add your digital photo.</LI><LI>Click <B>Print</B> to send your finished <B>Photo Card</B> greeting to the printer.</LI></OL><B>Note:</B> Please follow the print directions on the Photo Card package for exact printing.<BR><BR><B>Tips:</B><BR><BR>Print your project on scrap paper first to check the alignment. spelling. and overall look of the project.<BR>
HL,Everyday Photo Cards,Holidays,Valentine's Day,,,3068513,30,Valentine Wishes,57068,76,153,200,400,<B>Photo Cards</B> are a great way to combine your greeting with a favorite photo.<BR><BR><B>You'll Need:</B> 4 x 8 1/2 Photo Card Paper.<BR><BR><B>Directions:</B><BR><BR><OL><LI>Click<B> Personalize and Print Your Project</B> to open the Creative Workspace.</LI><LI>Make text changes as desired.</LI><LI><B>Double click</B> on the Add-a-Photo message to add your digital photo.</LI><LI>Click <B>Print</B> to send your finished <B>Photo Card</B> greeting to the printer.</LI></OL><B>Note:</B> Please follow the print directions on the Photo Card package for exact printing.<BR><BR><B>Tips:</B><BR><BR>Print your project on scrap paper first to check the alignment. spelling. and overall look of the project.<BR>
HL,Everyday Photo Cards,Holidays,Valentine's Day,,,3068514,40,Love You Lots,57068,76,153,200,400,<B>Photo Cards</B> are a great way to combine your greeting with a favorite photo.<BR><BR><B>You'll Need:</B> 4 x 8 1/2 Photo Card Paper.<BR><BR><B>Directions:</B><BR><BR><OL><LI>Click<B> Personalize and Print Your Project</B> to open the Creative Workspace.</LI><LI>Make text changes as desired.</LI><LI><B>Double click</B> on the Add-a-Photo message to add your digital photo.</LI><LI>Click <B>Print</B> to send your finished <B>Photo Card</B> greeting to the printer.</LI></OL><B>Note:</B> Please follow the print directions on the Photo Card package for exact printing.<BR><BR><B>Tips:</B><BR><BR>Print your project on scrap paper first to check the alignment. spelling. and overall look of the project.<BR>
HL,Everyday Photo Cards,Holidays,St. Patrick's Day,,,3068515,10,Shamrocks,57069,153,76,400,200,<B>Photo Cards</B> are a great way to combine your greeting with a favorite photo.<BR><BR><B>You'll Need:</B> 4 x 8 1/2 Photo Card Paper.<BR><BR><B>Directions:</B><BR><BR><OL><LI>Click<B> Personalize and Print Your Project</B> to open the Creative Workspace.</LI><LI>Make text changes as desired.</LI><LI><B>Double click</B> on the Add-a-Photo message to add your digital photo.</LI><LI>Click <B>Print</B> to send your finished <B>Photo Card</B> greeting to the printer.</LI></OL><B>Note:</B> Please follow the print directions on the Photo Card package for exact printing.<BR><BR><B>Tips:</B><BR><BR>Print your project on scrap paper first to check the alignment. spelling. and overall look of the project.<BR>
HL,Everyday Photo Cards,Holidays,St. Patrick's Day,,,3068516,20,St. Paddy Party,57069,76,153,200,400,<B>Photo Cards</B> are a great way to combine your greeting with a favorite photo.<BR><BR><B>You'll Need:</B> 4 x 8 1/2 Photo Card Paper.<BR><BR><B>Directions:</B><BR><BR><OL><LI>Click<B> Personalize and Print Your Project</B> to open the Creative Workspace.</LI><LI>Make text changes as desired.</LI><LI><B>Double click</B> on the Add-a-Photo message to add your digital photo.</LI><LI>Click <B>Print</B> to send your finished <B>Photo Card</B> greeting to the printer.</LI></OL><B>Note:</B> Please follow the print directions on the Photo Card package for exact printing.<BR><BR><B>Tips:</B><BR><BR>Print your project on scrap paper first to check the alignment. spelling. and overall look of the project.<BR>
HL,Everyday Photo Cards,Holidays,Easter,,,3068517,10,Cute Hello,57070,153,76,400,200,<B>Photo Cards</B> are a great way to combine your greeting with a favorite photo.<BR><BR><B>You'll Need:</B> 4 x 8 1/2 Photo Card Paper.<BR><BR><B>Directions:</B><BR><BR><OL><LI>Click<B> Personalize and Print Your Project</B> to open the Creative Workspace.</LI><LI>Make text changes as desired.</LI><LI><B>Double click</B> on the Add-a-Photo message to add your digital photo.</LI><LI>Click <B>Print</B> to send your finished <B>Photo Card</B> greeting to the printer.</LI></OL><B>Note:</B> Please follow the print directions on the Photo Card package for exact printing.<BR><BR><B>Tips:</B><BR><BR>Print your project on scrap paper first to check the alignment. spelling. and overall look of the project.<BR>
HL,Everyday Photo Cards,Holidays,Easter,,,3068518,20,Easter Wishes-Borderless,57070,153,76,400,200,<B>Photo Cards</B> are a great way to combine your greeting with a favorite photo.<BR><BR><B>You'll Need:</B> 4 x 8 1/2 Photo Card Paper.<BR><BR><B>Directions:</B><BR><BR><OL><LI>Click<B> Personalize and Print Your Project</B> to open the Creative Workspace.</LI><LI>Make text changes as desired.</LI><LI><B>Double click</B> on the Add-a-Photo message to add your digital photo.</LI><LI>Click <B>Print</B> to send your finished <B>Photo Card</B> greeting to the printer.</LI></OL><B>Note:</B> Please follow the print directions on the Photo Card package for exact printing.<BR><BR><B>Tips:</B><BR><BR>Print your project on scrap paper first to check the alignment. spelling. and overall look of the project.<BR>
HL,Everyday Photo Cards,Holidays,Easter,,,3068519,30,From All of Us,57070,76,153,200,400,<B>Photo Cards</B> are a great way to combine your greeting with a favorite photo.<BR><BR><B>You'll Need:</B> 4 x 8 1/2 Photo Card Paper.<BR><BR><B>Directions:</B><BR><BR><OL><LI>Click<B> Personalize and Print Your Project</B> to open the Creative Workspace.</LI><LI>Make text changes as desired.</LI><LI><B>Double click</B> on the Add-a-Photo message to add your digital photo.</LI><LI>Click <B>Print</B> to send your finished <B>Photo Card</B> greeting to the printer.</LI></OL><B>Note:</B> Please follow the print directions on the Photo Card package for exact printing.<BR><BR><B>Tips:</B><BR><BR>Print your project on scrap paper first to check the alignment. spelling. and overall look of the project.<BR>
HL,Everyday Photo Cards,Holidays,Graduation,,,3068547,10,Class of 2005,57080,76,153,200,400,<B>Photo Cards</B> are a great way to combine your greeting with a favorite photo.<BR><BR><B>You'll Need:</B> 4 x 8 1/2 Photo Card Paper.<BR><BR><B>Directions:</B><BR><BR><OL><LI>Click<B> Personalize and Print Your Project</B> to open the Creative Workspace.</LI><LI>Make text changes as desired.</LI><LI><B>Double click</B> on the Add-a-Photo message to add your digital photo.</LI><LI>Click <B>Print</B> to send your finished <B>Photo Card</B> greeting to the printer.</LI></OL><B>Note:</B> Please follow the print directions on the Photo Card package for exact printing.<BR><BR><B>Tips:</B><BR><BR>Print your project on scrap paper first to check the alignment. spelling. and overall look of the project.<BR>
HL,Everyday Photo Cards,Holidays,Graduation,,,3068548,20,Announcing&#133;,57080,76,153,200,400,<B>Photo Cards</B> are a great way to combine your greeting with a favorite photo.<BR><BR><B>You'll Need:</B> 4 x 8 1/2 Photo Card Paper.<BR><BR><B>Directions:</B><BR><BR><OL><LI>Click<B> Personalize and Print Your Project</B> to open the Creative Workspace.</LI><LI>Make text changes as desired.</LI><LI><B>Double click</B> on the Add-a-Photo message to add your digital photo.</LI><LI>Click <B>Print</B> to send your finished <B>Photo Card</B> greeting to the printer.</LI></OL><B>Note:</B> Please follow the print directions on the Photo Card package for exact printing.<BR><BR><B>Tips:</B><BR><BR>Print your project on scrap paper first to check the alignment. spelling. and overall look of the project.<BR>
HL,Everyday Photo Cards,Holidays,Graduation,,,3068549,30,They Did It!-Borderless,57080,153,76,400,200,<B>Photo Cards</B> are a great way to combine your greeting with a favorite photo.<BR><BR><B>You'll Need:</B> 4 x 8 1/2 Photo Card Paper.<BR><BR><B>Directions:</B><BR><BR><OL><LI>Click<B> Personalize and Print Your Project</B> to open the Creative Workspace.</LI><LI>Make text changes as desired.</LI><LI><B>Double click</B> on the Add-a-Photo message to add your digital photo.</LI><LI>Click <B>Print</B> to send your finished <B>Photo Card</B> greeting to the printer.</LI></OL><B>Note:</B> Please follow the print directions on the Photo Card package for exact printing.<BR><BR><B>Tips:</B><BR><BR>Print your project on scrap paper first to check the alignment. spelling. and overall look of the project.<BR>
HL,Everyday Photo Cards,Holidays,Graduation,,,3068550,40,Who?,57080,76,153,200,400,<B>Photo Cards</B> are a great way to combine your greeting with a favorite photo.<BR><BR><B>You'll Need:</B> 4 x 8 1/2 Photo Card Paper.<BR><BR><B>Directions:</B><BR><BR><OL><LI>Click<B> Personalize and Print Your Project</B> to open the Creative Workspace.</LI><LI>Make text changes as desired.</LI><LI><B>Double click</B> on the Add-a-Photo message to add your digital photo.</LI><LI>Click <B>Print</B> to send your finished <B>Photo Card</B> greeting to the printer.</LI></OL><B>Note:</B> Please follow the print directions on the Photo Card package for exact printing.<BR><BR><B>Tips:</B><BR><BR>Print your project on scrap paper first to check the alignment. spelling. and overall look of the project.<BR>
HL,Everyday Photo Cards,Holidays,Mother's Day,,,3068520,10,A Mother is Love-Borderless,57071,153,76,400,200,<B>Photo Cards</B> are a great way to combine your greeting with a favorite photo.<BR><BR><B>You'll Need:</B> 4 x 8 1/2 Photo Card Paper.<BR><BR><B>Directions:</B><BR><BR><OL><LI>Click<B> Personalize and Print Your Project</B> to open the Creative Workspace.</LI><LI>Make text changes as desired.</LI><LI><B>Double click</B> on the Add-a-Photo message to add your digital photo.</LI><LI>Click <B>Print</B> to send your finished <B>Photo Card</B> greeting to the printer.</LI></OL><B>Note:</B> Please follow the print directions on the Photo Card package for exact printing.<BR><BR><B>Tips:</B><BR><BR>Print your project on scrap paper first to check the alignment. spelling. and overall look of the project.<BR>
HL,Everyday Photo Cards,Holidays,Mother's Day,,,3068521,20,Love You. Mommy!,57071,153,76,400,200,<B>Photo Cards</B> are a great way to combine your greeting with a favorite photo.<BR><BR><B>You'll Need:</B> 4 x 8 1/2 Photo Card Paper.<BR><BR><B>Directions:</B><BR><BR><OL><LI>Click<B> Personalize and Print Your Project</B> to open the Creative Workspace.</LI><LI>Make text changes as desired.</LI><LI><B>Double click</B> on the Add-a-Photo message to add your digital photo.</LI><LI>Click <B>Print</B> to send your finished <B>Photo Card</B> greeting to the printer.</LI></OL><B>Note:</B> Please follow the print directions on the Photo Card package for exact printing.<BR><BR><B>Tips:</B><BR><BR>Print your project on scrap paper first to check the alignment. spelling. and overall look of the project.<BR>
HL,Everyday Photo Cards,Holidays,Mother's Day,,,3068522,30,For Grandma,57071,76,153,200,400,<B>Photo Cards</B> are a great way to combine your greeting with a favorite photo.<BR><BR><B>You'll Need:</B> 4 x 8 1/2 Photo Card Paper.<BR><BR><B>Directions:</B><BR><BR><OL><LI>Click<B> Personalize and Print Your Project</B> to open the Creative Workspace.</LI><LI>Make text changes as desired.</LI><LI><B>Double click</B> on the Add-a-Photo message to add your digital photo.</LI><LI>Click <B>Print</B> to send your finished <B>Photo Card</B> greeting to the printer.</LI></OL><B>Note:</B> Please follow the print directions on the Photo Card package for exact printing.<BR><BR><B>Tips:</B><BR><BR>Print your project on scrap paper first to check the alignment. spelling. and overall look of the project.<BR>
HL,Everyday Photo Cards,Holidays,Father's Day,,,3068523,10,Wonderful Dad,57072,76,153,200,400,<B>Photo Cards</B> are a great way to combine your greeting with a favorite photo.<BR><BR><B>You'll Need:</B> 4 x 8 1/2 Photo Card Paper.<BR><BR><B>Directions:</B><BR><BR><OL><LI>Click<B> Personalize and Print Your Project</B> to open the Creative Workspace.</LI><LI>Make text changes as desired.</LI><LI><B>Double click</B> on the Add-a-Photo message to add your digital photo.</LI><LI>Click <B>Print</B> to send your finished <B>Photo Card</B> greeting to the printer.</LI></OL><B>Note:</B> Please follow the print directions on the Photo Card package for exact printing.<BR><BR><B>Tips:</B><BR><BR>Print your project on scrap paper first to check the alignment. spelling. and overall look of the project.<BR>
HL,Everyday Photo Cards,Holidays,Father's Day,,,3068524,20,All My Love,57072,153,76,400,200,<B>Photo Cards</B> are a great way to combine your greeting with a favorite photo.<BR><BR><B>You'll Need:</B> 4 x 8 1/2 Photo Card Paper.<BR><BR><B>Directions:</B><BR><BR><OL><LI>Click<B> Personalize and Print Your Project</B> to open the Creative Workspace.</LI><LI>Make text changes as desired.</LI><LI><B>Double click</B> on the Add-a-Photo message to add your digital photo.</LI><LI>Click <B>Print</B> to send your finished <B>Photo Card</B> greeting to the printer.</LI></OL><B>Note:</B> Please follow the print directions on the Photo Card package for exact printing.<BR><BR><B>Tips:</B><BR><BR>Print your project on scrap paper first to check the alignment. spelling. and overall look of the project.<BR>
HL,Everyday Photo Cards,Holidays,Father's Day,,,3068525,30,Grandpa's Love-Borderless,57072,153,76,400,200,<B>Photo Cards</B> are a great way to combine your greeting with a favorite photo.<BR><BR><B>You'll Need:</B> 4 x 8 1/2 Photo Card Paper.<BR><BR><B>Directions:</B><BR><BR><OL><LI>Click<B> Personalize and Print Your Project</B> to open the Creative Workspace.</LI><LI>Make text changes as desired.</LI><LI><B>Double click</B> on the Add-a-Photo message to add your digital photo.</LI><LI>Click <B>Print</B> to send your finished <B>Photo Card</B> greeting to the printer.</LI></OL><B>Note:</B> Please follow the print directions on the Photo Card package for exact printing.<BR><BR><B>Tips:</B><BR><BR>Print your project on scrap paper first to check the alignment. spelling. and overall look of the project.<BR>
HL,Everyday Photo Cards,Holidays,Grandparents Day,,,3068526,10,Love is Good,57073,76,153,200,400,<B>Photo Cards</B> are a great way to combine your greeting with a favorite photo.<BR><BR><B>You'll Need:</B> 4 x 8 1/2 Photo Card Paper.<BR><BR><B>Directions:</B><BR><BR><OL><LI>Click<B> Personalize and Print Your Project</B> to open the Creative Workspace.</LI><LI>Make text changes as desired.</LI><LI><B>Double click</B> on the Add-a-Photo message to add your digital photo.</LI><LI>Click <B>Print</B> to send your finished <B>Photo Card</B> greeting to the printer.</LI></OL><B>Note:</B> Please follow the print directions on the Photo Card package for exact printing.<BR><BR><B>Tips:</B><BR><BR>Print your project on scrap paper first to check the alignment. spelling. and overall look of the project.<BR>
HL,Everyday Photo Cards,Holidays,Grandparents Day,,,3068527,20,Your Little Cutie,57073,76,153,200,400,<B>Photo Cards</B> are a great way to combine your greeting with a favorite photo.<BR><BR><B>You'll Need:</B> 4 x 8 1/2 Photo Card Paper.<BR><BR><B>Directions:</B><BR><BR><OL><LI>Click<B> Personalize and Print Your Project</B> to open the Creative Workspace.</LI><LI>Make text changes as desired.</LI><LI><B>Double click</B> on the Add-a-Photo message to add your digital photo.</LI><LI>Click <B>Print</B> to send your finished <B>Photo Card</B> greeting to the printer.</LI></OL><B>Note:</B> Please follow the print directions on the Photo Card package for exact printing.<BR><BR><B>Tips:</B><BR><BR>Print your project on scrap paper first to check the alignment. spelling. and overall look of the project.<BR>
HL,Everyday Photo Cards,Holidays,Grandparents Day,,,3068528,30,Special Day-Borderless,57073,153,76,400,200,<B>Photo Cards</B> are a great way to combine your greeting with a favorite photo.<BR><BR><B>You'll Need:</B> 4 x 8 1/2 Photo Card Paper.<BR><BR><B>Directions:</B><BR><BR><OL><LI>Click<B> Personalize and Print Your Project</B> to open the Creative Workspace.</LI><LI>Make text changes as desired.</LI><LI><B>Double click</B> on the Add-a-Photo message to add your digital photo.</LI><LI>Click <B>Print</B> to send your finished <B>Photo Card</B> greeting to the printer.</LI></OL><B>Note:</B> Please follow the print directions on the Photo Card package for exact printing.<BR><BR><B>Tips:</B><BR><BR>Print your project on scrap paper first to check the alignment. spelling. and overall look of the project.<BR>
HL,Everyday Photo Cards,Holidays,Halloween,,,3068529,10,Spooky Wishes-Borderless,57074,76,153,200,400,<B>Photo Cards</B> are a great way to combine your greeting with a favorite photo.<BR><BR><B>You'll Need:</B> 4 x 8 1/2 Photo Card Paper.<BR><BR><B>Directions:</B><BR><BR><OL><LI>Click<B> Personalize and Print Your Project</B> to open the Creative Workspace.</LI><LI>Make text changes as desired.</LI><LI><B>Double click</B> on the Add-a-Photo message to add your digital photo.</LI><LI>Click <B>Print</B> to send your finished <B>Photo Card</B> greeting to the printer.</LI></OL><B>Note:</B> Please follow the print directions on the Photo Card package for exact printing.<BR><BR><B>Tips:</B><BR><BR>Print your project on scrap paper first to check the alignment. spelling. and overall look of the project.<BR>
HL,Everyday Photo Cards,Holidays,Halloween,,,3068530,20,It's a Party!,57074,153,76,400,200,<B>Photo Cards</B> are a great way to combine your greeting with a favorite photo.<BR><BR><B>You'll Need:</B> 4 x 8 1/2 Photo Card Paper.<BR><BR><B>Directions:</B><BR><BR><OL><LI>Click<B> Personalize and Print Your Project</B> to open the Creative Workspace.</LI><LI>Make text changes as desired.</LI><LI><B>Double click</B> on the Add-a-Photo message to add your digital photo.</LI><LI>Click <B>Print</B> to send your finished <B>Photo Card</B> greeting to the printer.</LI></OL><B>Note:</B> Please follow the print directions on the Photo Card package for exact printing.<BR><BR><B>Tips:</B><BR><BR>Print your project on scrap paper first to check the alignment. spelling. and overall look of the project.<BR>
HL,Everyday Photo Cards,Holidays,Thanksgiving,,,3068531,10,Missing You,57075,153,76,400,200,<B>Photo Cards</B> are a great way to combine your greeting with a favorite photo.<BR><BR><B>You'll Need:</B> 4 x 8 1/2 Photo Card Paper.<BR><BR><B>Directions:</B><BR><BR><OL><LI>Click<B> Personalize and Print Your Project</B> to open the Creative Workspace.</LI><LI>Make text changes as desired.</LI><LI><B>Double click</B> on the Add-a-Photo message to add your digital photo.</LI><LI>Click <B>Print</B> to send your finished <B>Photo Card</B> greeting to the printer.</LI></OL><B>Note:</B> Please follow the print directions on the Photo Card package for exact printing.<BR><BR><B>Tips:</B><BR><BR>Print your project on scrap paper first to check the alignment. spelling. and overall look of the project.<BR>
HL,Everyday Photo Cards,Holidays,Thanksgiving,,,3068532,20,From the Family,57075,76,153,200,400,<B>Photo Cards</B> are a great way to combine your greeting with a favorite photo.<BR><BR><B>You'll Need:</B> 4 x 8 1/2 Photo Card Paper.<BR><BR><B>Directions:</B><BR><BR><OL><LI>Click<B> Personalize and Print Your Project</B> to open the Creative Workspace.</LI><LI>Make text changes as desired.</LI><LI><B>Double click</B> on the Add-a-Photo message to add your digital photo.</LI><LI>Click <B>Print</B> to send your finished <B>Photo Card</B> greeting to the printer.</LI></OL><B>Note:</B> Please follow the print directions on the Photo Card package for exact printing.<BR><BR><B>Tips:</B><BR><BR>Print your project on scrap paper first to check the alignment. spelling. and overall look of the project.<BR>
HL,Everyday Photo Cards,Holidays,Thanksgiving,,,3068533,30,Happy Thanksgiving-Borderless,57075,153,76,400,200,<B>Photo Cards</B> are a great way to combine your greeting with a favorite photo.<BR><BR><B>You'll Need:</B> 4 x 8 1/2 Photo Card Paper.<BR><BR><B>Directions:</B><BR><BR><OL><LI>Click<B> Personalize and Print Your Project</B> to open the Creative Workspace.</LI><LI>Make text changes as desired.</LI><LI><B>Double click</B> on the Add-a-Photo message to add your digital photo.</LI><LI>Click <B>Print</B> to send your finished <B>Photo Card</B> greeting to the printer.</LI></OL><B>Note:</B> Please follow the print directions on the Photo Card package for exact printing.<BR><BR><B>Tips:</B><BR><BR>Print your project on scrap paper first to check the alignment. spelling. and overall look of the project.<BR>
HL,Everyday Photo Cards,Holidays,Hanukkah,,,3068545,10,Happy Hanukkah,57077,76,153,200,400,<B>Photo Cards</B> are a great way to combine your greeting with a favorite photo.<BR><BR><B>You'll Need:</B> 4 x 8 1/2 Photo Card Paper.<BR><BR><B>Directions:</B><BR><BR><OL><LI>Click<B> Personalize and Print Your Project</B> to open the Creative Workspace.</LI><LI>Make text changes as desired.</LI><LI><B>Double click</B> on the Add-a-Photo message to add your digital photo.</LI><LI>Click <B>Print</B> to send your finished <B>Photo Card</B> greeting to the printer.</LI></OL><B>Note:</B> Please follow the print directions on the Photo Card package for exact printing.<BR><BR><B>Tips:</B><BR><BR>Print your project on scrap paper first to check the alignment. spelling. and overall look of the project.<BR>
HL,Everyday Photo Cards,Holidays,Hanukkah,,,3068546,20,From All of Us,57077,153,76,400,200,<B>Photo Cards</B> are a great way to combine your greeting with a favorite photo.<BR><BR><B>You'll Need:</B> 4 x 8 1/2 Photo Card Paper.<BR><BR><B>Directions:</B><BR><BR><OL><LI>Click<B> Personalize and Print Your Project</B> to open the Creative Workspace.</LI><LI>Make text changes as desired.</LI><LI><B>Double click</B> on the Add-a-Photo message to add your digital photo.</LI><LI>Click <B>Print</B> to send your finished <B>Photo Card</B> greeting to the printer.</LI></OL><B>Note:</B> Please follow the print directions on the Photo Card package for exact printing.<BR><BR><B>Tips:</B><BR><BR>Print your project on scrap paper first to check the alignment. spelling. and overall look of the project.<BR>
HL,Everyday Photo Cards,Holidays,Christmas,,,3068534,10,Holly Jolly Wishes,57076,76,153,200,400,<B>Photo Cards</B> are a great way to combine your greeting with a favorite photo.<BR><BR><B>You'll Need:</B> 4 x 8 1/2 Photo Card Paper.<BR><BR><B>Directions:</B><BR><BR><OL><LI>Click<B> Personalize and Print Your Project</B> to open the Creative Workspace.</LI><LI>Make text changes as desired.</LI><LI><B>Double click</B> on the Add-a-Photo message to add your digital photo.</LI><LI>Click <B>Print</B> to send your finished <B>Photo Card</B> greeting to the printer.</LI></OL><B>Note:</B> Please follow the print directions on the Photo Card package for exact printing.<BR><BR><B>Tips:</B><BR><BR>Print your project on scrap paper first to check the alignment. spelling. and overall look of the project.<BR>
HL,Everyday Photo Cards,Holidays,Christmas,,,3068535,20,Christmas Pleasures,57076,153,76,400,200,<B>Photo Cards</B> are a great way to combine your greeting with a favorite photo.<BR><BR><B>You'll Need:</B> 4 x 8 1/2 Photo Card Paper.<BR><BR><B>Directions:</B><BR><BR><OL><LI>Click<B> Personalize and Print Your Project</B> to open the Creative Workspace.</LI><LI>Make text changes as desired.</LI><LI><B>Double click</B> on the Add-a-Photo message to add your digital photo.</LI><LI>Click <B>Print</B> to send your finished <B>Photo Card</B> greeting to the printer.</LI></OL><B>Note:</B> Please follow the print directions on the Photo Card package for exact printing.<BR><BR><B>Tips:</B><BR><BR>Print your project on scrap paper first to check the alignment. spelling. and overall look of the project.<BR>
HL,Everyday Photo Cards,Holidays,Christmas,,,3068536,30,From Our Family-Borderless,57076,153,76,400,200,<B>Photo Cards</B> are a great way to combine your greeting with a favorite photo.<BR><BR><B>You'll Need:</B> 4 x 8 1/2 Photo Card Paper.<BR><BR><B>Directions:</B><BR><BR><OL><LI>Click<B> Personalize and Print Your Project</B> to open the Creative Workspace.</LI><LI>Make text changes as desired.</LI><LI><B>Double click</B> on the Add-a-Photo message to add your digital photo.</LI><LI>Click <B>Print</B> to send your finished <B>Photo Card</B> greeting to the printer.</LI></OL><B>Note:</B> Please follow the print directions on the Photo Card package for exact printing.<BR><BR><B>Tips:</B><BR><BR>Print your project on scrap paper first to check the alignment. spelling. and overall look of the project.<BR>
HL,Everyday Photo Cards,Holidays,Christmas,,,3068538,40,Happy Season,57076,76,153,200,400,<B>Photo Cards</B> are a great way to combine your greeting with a favorite photo.<BR><BR><B>You'll Need:</B> 4 x 8 1/2 Photo Card Paper.<BR><BR><B>Directions:</B><BR><BR><OL><LI>Click<B> Personalize and Print Your Project</B> to open the Creative Workspace.</LI><LI>Make text changes as desired.</LI><LI><B>Double click</B> on the Add-a-Photo message to add your digital photo.</LI><LI>Click <B>Print</B> to send your finished <B>Photo Card</B> greeting to the printer.</LI></OL><B>Note:</B> Please follow the print directions on the Photo Card package for exact printing.<BR><BR><B>Tips:</B><BR><BR>Print your project on scrap paper first to check the alignment. spelling. and overall look of the project.<BR>
HL,Everyday Photo Cards,Holidays,Christmas,,,3068539,50,Isn't the Same,57076,153,76,400,200,<B>Photo Cards</B> are a great way to combine your greeting with a favorite photo.<BR><BR><B>You'll Need:</B> 4 x 8 1/2 Photo Card Paper.<BR><BR><B>Directions:</B><BR><BR><OL><LI>Click<B> Personalize and Print Your Project</B> to open the Creative Workspace.</LI><LI>Make text changes as desired.</LI><LI><B>Double click</B> on the Add-a-Photo message to add your digital photo.</LI><LI>Click <B>Print</B> to send your finished <B>Photo Card</B> greeting to the printer.</LI></OL><B>Note:</B> Please follow the print directions on the Photo Card package for exact printing.<BR><BR><B>Tips:</B><BR><BR>Print your project on scrap paper first to check the alignment. spelling. and overall look of the project.<BR>
HL,Everyday Photo Cards,Holidays,Christmas,,,3068540,60,Missing You,57076,76,153,200,400,<B>Photo Cards</B> are a great way to combine your greeting with a favorite photo.<BR><BR><B>You'll Need:</B> 4 x 8 1/2 Photo Card Paper.<BR><BR><B>Directions:</B><BR><BR><OL><LI>Click<B> Personalize and Print Your Project</B> to open the Creative Workspace.</LI><LI>Make text changes as desired.</LI><LI><B>Double click</B> on the Add-a-Photo message to add your digital photo.</LI><LI>Click <B>Print</B> to send your finished <B>Photo Card</B> greeting to the printer.</LI></OL><B>Note:</B> Please follow the print directions on the Photo Card package for exact printing.<BR><BR><B>Tips:</B><BR><BR>Print your project on scrap paper first to check the alignment. spelling. and overall look of the project.<BR>
HL,Everyday Photo Cards,Holidays,Season's Greetings,,,3068541,10,Happy Holidays,57078,153,76,400,200,<B>Photo Cards</B> are a great way to combine your greeting with a favorite photo.<BR><BR><B>You'll Need:</B> 4 x 8 1/2 Photo Card Paper.<BR><BR><B>Directions:</B><BR><BR><OL><LI>Click<B> Personalize and Print Your Project</B> to open the Creative Workspace.</LI><LI>Make text changes as desired.</LI><LI><B>Double click</B> on the Add-a-Photo message to add your digital photo.</LI><LI>Click <B>Print</B> to send your finished <B>Photo Card</B> greeting to the printer.</LI></OL><B>Note:</B> Please follow the print directions on the Photo Card package for exact printing.<BR><BR><B>Tips:</B><BR><BR>Print your project on scrap paper first to check the alignment. spelling. and overall look of the project.<BR>
HL,Everyday Photo Cards,Holidays,Season's Greetings,,,3068542,20,Season's Greetings,57078,153,76,400,200,<B>Photo Cards</B> are a great way to combine your greeting with a favorite photo.<BR><BR><B>You'll Need:</B> 4 x 8 1/2 Photo Card Paper.<BR><BR><B>Directions:</B><BR><BR><OL><LI>Click<B> Personalize and Print Your Project</B> to open the Creative Workspace.</LI><LI>Make text changes as desired.</LI><LI><B>Double click</B> on the Add-a-Photo message to add your digital photo.</LI><LI>Click <B>Print</B> to send your finished <B>Photo Card</B> greeting to the printer.</LI></OL><B>Note:</B> Please follow the print directions on the Photo Card package for exact printing.<BR><BR><B>Tips:</B><BR><BR>Print your project on scrap paper first to check the alignment. spelling. and overall look of the project.<BR>
HL,Everyday Photo Cards,Holidays,New Year,,,3068543,10,Happy New Year,57079,76,153,200,400,<B>Photo Cards</B> are a great way to combine your greeting with a favorite photo.<BR><BR><B>You'll Need:</B> 4 x 8 1/2 Photo Card Paper.<BR><BR><B>Directions:</B><BR><BR><OL><LI>Click<B> Personalize and Print Your Project</B> to open the Creative Workspace.</LI><LI>Make text changes as desired.</LI><LI><B>Double click</B> on the Add-a-Photo message to add your digital photo.</LI><LI>Click <B>Print</B> to send your finished <B>Photo Card</B> greeting to the printer.</LI></OL><B>Note:</B> Please follow the print directions on the Photo Card package for exact printing.<BR><BR><B>Tips:</B><BR><BR>Print your project on scrap paper first to check the alignment. spelling. and overall look of the project.<BR>
HL,Everyday Photo Cards,Holidays,New Year,,,3068544,20,Ring in the Year!,57079,153,76,400,200,<B>Photo Cards</B> are a great way to combine your greeting with a favorite photo.<BR><BR><B>You'll Need:</B> 4 x 8 1/2 Photo Card Paper.<BR><BR><B>Directions:</B><BR><BR><OL><LI>Click<B> Personalize and Print Your Project</B> to open the Creative Workspace.</LI><LI>Make text changes as desired.</LI><LI><B>Double click</B> on the Add-a-Photo message to add your digital photo.</LI><LI>Click <B>Print</B> to send your finished <B>Photo Card</B> greeting to the printer.</LI></OL><B>Note:</B> Please follow the print directions on the Photo Card package for exact printing.<BR><BR><B>Tips:</B><BR><BR>Print your project on scrap paper first to check the alignment. spelling. and overall look of the project.<BR>
HL,Everyday Photo Cards,Keep in Touch,,,,3068469,10,Play Date,57057,76,153,200,400,<B>Photo Cards</B> are a great way to combine your greeting with a favorite photo.<BR><BR><B>You'll Need:</B> 4 x 8 1/2 Photo Card Paper.<BR><BR><B>Directions:</B><BR><BR><OL><LI>Click<B> Personalize and Print Your Project</B> to open the Creative Workspace.</LI><LI>Make text changes as desired.</LI><LI><B>Double click</B> on the Add-a-Photo message to add your digital photo.</LI><LI>Click <B>Print</B> to send your finished <B>Photo Card</B> greeting to the printer.</LI></OL><B>Note:</B> Please follow the print directions on the Photo Card package for exact printing.<BR><BR><B>Tips:</B><BR><BR>Print your project on scrap paper first to check the alignment. spelling. and overall look of the project.<BR>
HL,Everyday Photo Cards,Keep in Touch,,,,3068470,20,Ladies Day Out,57057,76,153,200,400,<B>Photo Cards</B> are a great way to combine your greeting with a favorite photo.<BR><BR><B>You'll Need:</B> 4 x 8 1/2 Photo Card Paper.<BR><BR><B>Directions:</B><BR><BR><OL><LI>Click<B> Personalize and Print Your Project</B> to open the Creative Workspace.</LI><LI>Make text changes as desired.</LI><LI><B>Double click</B> on the Add-a-Photo message to add your digital photo.</LI><LI>Click <B>Print</B> to send your finished <B>Photo Card</B> greeting to the printer.</LI></OL><B>Note:</B> Please follow the print directions on the Photo Card package for exact printing.<BR><BR><B>Tips:</B><BR><BR>Print your project on scrap paper first to check the alignment. spelling. and overall look of the project.<BR>
HL,Everyday Photo Cards,Keep in Touch,,,,3068471,30,Around the World-Borderless,57057,153,76,400,200,<B>Photo Cards</B> are a great way to combine your greeting with a favorite photo.<BR><BR><B>You'll Need:</B> 4 x 8 1/2 Photo Card Paper.<BR><BR><B>Directions:</B><BR><BR><OL><LI>Click<B> Personalize and Print Your Project</B> to open the Creative Workspace.</LI><LI>Make text changes as desired.</LI><LI><B>Double click</B> on the Add-a-Photo message to add your digital photo.</LI><LI>Click <B>Print</B> to send your finished <B>Photo Card</B> greeting to the printer.</LI></OL><B>Note:</B> Please follow the print directions on the Photo Card package for exact printing.<BR><BR><B>Tips:</B><BR><BR>Print your project on scrap paper first to check the alignment. spelling. and overall look of the project.<BR>
HL,Everyday Photo Cards,Keep in Touch,,,,3068472,40,Vacation Fun,57057,153,76,400,200,<B>Photo Cards</B> are a great way to combine your greeting with a favorite photo.<BR><BR><B>You'll Need:</B> 4 x 8 1/2 Photo Card Paper.<BR><BR><B>Directions:</B><BR><BR><OL><LI>Click<B> Personalize and Print Your Project</B> to open the Creative Workspace.</LI><LI>Make text changes as desired.</LI><LI><B>Double click</B> on the Add-a-Photo message to add your digital photo.</LI><LI>Click <B>Print</B> to send your finished <B>Photo Card</B> greeting to the printer.</LI></OL><B>Note:</B> Please follow the print directions on the Photo Card package for exact printing.<BR><BR><B>Tips:</B><BR><BR>Print your project on scrap paper first to check the alignment. spelling. and overall look of the project.<BR>
HL,Everyday Photo Cards,Keep in Touch,,,,3068473,50,Road Trip,57057,153,76,400,200,<B>Photo Cards</B> are a great way to combine your greeting with a favorite photo.<BR><BR><B>You'll Need:</B> 4 x 8 1/2 Photo Card Paper.<BR><BR><B>Directions:</B><BR><BR><OL><LI>Click<B> Personalize and Print Your Project</B> to open the Creative Workspace.</LI><LI>Make text changes as desired.</LI><LI><B>Double click</B> on the Add-a-Photo message to add your digital photo.</LI><LI>Click <B>Print</B> to send your finished <B>Photo Card</B> greeting to the printer.</LI></OL><B>Note:</B> Please follow the print directions on the Photo Card package for exact printing.<BR><BR><B>Tips:</B><BR><BR>Print your project on scrap paper first to check the alignment. spelling. and overall look of the project.<BR>
HL,Everyday Photo Cards,Keep in Touch,,,,3068474,60,Travel Memories-Borderless,57057,153,76,400,200,<B>Photo Cards</B> are a great way to combine your greeting with a favorite photo.<BR><BR><B>You'll Need:</B> 4 x 8 1/2 Photo Card Paper.<BR><BR><B>Directions:</B><BR><BR><OL><LI>Click<B> Personalize and Print Your Project</B> to open the Creative Workspace.</LI><LI>Make text changes as desired.</LI><LI><B>Double click</B> on the Add-a-Photo message to add your digital photo.</LI><LI>Click <B>Print</B> to send your finished <B>Photo Card</B> greeting to the printer.</LI></OL><B>Note:</B> Please follow the print directions on the Photo Card package for exact printing.<BR><BR><B>Tips:</B><BR><BR>Print your project on scrap paper first to check the alignment. spelling. and overall look of the project.<BR>
HL,Everyday Photo Cards,Keep in Touch,,,,3068475,70,Sun & Fun,57057,153,76,400,200,<B>Photo Cards</B> are a great way to combine your greeting with a favorite photo.<BR><BR><B>You'll Need:</B> 4 x 8 1/2 Photo Card Paper.<BR><BR><B>Directions:</B><BR><BR><OL><LI>Click<B> Personalize and Print Your Project</B> to open the Creative Workspace.</LI><LI>Make text changes as desired.</LI><LI><B>Double click</B> on the Add-a-Photo message to add your digital photo.</LI><LI>Click <B>Print</B> to send your finished <B>Photo Card</B> greeting to the printer.</LI></OL><B>Note:</B> Please follow the print directions on the Photo Card package for exact printing.<BR><BR><B>Tips:</B><BR><BR>Print your project on scrap paper first to check the alignment. spelling. and overall look of the project.<BR>
HL,Everyday Photo Cards,Keep in Touch,,,,3068476,80,Hang Out,57057,76,153,200,400,<B>Photo Cards</B> are a great way to combine your greeting with a favorite photo.<BR><BR><B>You'll Need:</B> 4 x 8 1/2 Photo Card Paper.<BR><BR><B>Directions:</B><BR><BR><OL><LI>Click<B> Personalize and Print Your Project</B> to open the Creative Workspace.</LI><LI>Make text changes as desired.</LI><LI><B>Double click</B> on the Add-a-Photo message to add your digital photo.</LI><LI>Click <B>Print</B> to send your finished <B>Photo Card</B> greeting to the printer.</LI></OL><B>Note:</B> Please follow the print directions on the Photo Card package for exact printing.<BR><BR><B>Tips:</B><BR><BR>Print your project on scrap paper first to check the alignment. spelling. and overall look of the project.<BR>
HL,Everyday Photo Cards,Love,,,,3068503,10,Never Forget-Borderless,57064,76,153,200,400,<B>Photo Cards</B> are a great way to combine your greeting with a favorite photo.<BR><BR><B>You'll Need:</B> 4 x 8 1/2 Photo Card Paper.<BR><BR><B>Directions:</B><BR><BR><OL><LI>Click<B> Personalize and Print Your Project</B> to open the Creative Workspace.</LI><LI>Make text changes as desired.</LI><LI><B>Double click</B> on the Add-a-Photo message to add your digital photo.</LI><LI>Click <B>Print</B> to send your finished <B>Photo Card</B> greeting to the printer.</LI></OL><B>Note:</B> Please follow the print directions on the Photo Card package for exact printing.<BR><BR><B>Tips:</B><BR><BR>Print your project on scrap paper first to check the alignment. spelling. and overall look of the project.<BR>
HL,Everyday Photo Cards,Love,,,,3068504,20,Loving Thoughts,57064,153,76,400,200,<B>Photo Cards</B> are a great way to combine your greeting with a favorite photo.<BR><BR><B>You'll Need:</B> 4 x 8 1/2 Photo Card Paper.<BR><BR><B>Directions:</B><BR><BR><OL><LI>Click<B> Personalize and Print Your Project</B> to open the Creative Workspace.</LI><LI>Make text changes as desired.</LI><LI><B>Double click</B> on the Add-a-Photo message to add your digital photo.</LI><LI>Click <B>Print</B> to send your finished <B>Photo Card</B> greeting to the printer.</LI></OL><B>Note:</B> Please follow the print directions on the Photo Card package for exact printing.<BR><BR><B>Tips:</B><BR><BR>Print your project on scrap paper first to check the alignment. spelling. and overall look of the project.<BR>
HL,Everyday Photo Cards,New Home,,,,3068497,10,New Address,57062,153,76,400,200,<B>Photo Cards</B> are a great way to combine your greeting with a favorite photo.<BR><BR><B>You'll Need:</B> 4 x 8 1/2 Photo Card Paper.<BR><BR><B>Directions:</B><BR><BR><OL><LI>Click<B> Personalize and Print Your Project</B> to open the Creative Workspace.</LI><LI>Make text changes as desired.</LI><LI><B>Double click</B> on the Add-a-Photo message to add your digital photo.</LI><LI>Click <B>Print</B> to send your finished <B>Photo Card</B> greeting to the printer.</LI></OL><B>Note:</B> Please follow the print directions on the Photo Card package for exact printing.<BR><BR><B>Tips:</B><BR><BR>Print your project on scrap paper first to check the alignment. spelling. and overall look of the project.<BR>
HL,Everyday Photo Cards,New Home,,,,3068498,20,New Digs,57062,153,76,400,200,<B>Photo Cards</B> are a great way to combine your greeting with a favorite photo.<BR><BR><B>You'll Need:</B> 4 x 8 1/2 Photo Card Paper.<BR><BR><B>Directions:</B><BR><BR><OL><LI>Click<B> Personalize and Print Your Project</B> to open the Creative Workspace.</LI><LI>Make text changes as desired.</LI><LI><B>Double click</B> on the Add-a-Photo message to add your digital photo.</LI><LI>Click <B>Print</B> to send your finished <B>Photo Card</B> greeting to the printer.</LI></OL><B>Note:</B> Please follow the print directions on the Photo Card package for exact printing.<BR><BR><B>Tips:</B><BR><BR>Print your project on scrap paper first to check the alignment. spelling. and overall look of the project.<BR>
HL,Everyday Photo Cards,New Home,,,,3068499,30,We've Moved!,57062,76,153,200,400,<B>Photo Cards</B> are a great way to combine your greeting with a favorite photo.<BR><BR><B>You'll Need:</B> 4 x 8 1/2 Photo Card Paper.<BR><BR><B>Directions:</B><BR><BR><OL><LI>Click<B> Personalize and Print Your Project</B> to open the Creative Workspace.</LI><LI>Make text changes as desired.</LI><LI><B>Double click</B> on the Add-a-Photo message to add your digital photo.</LI><LI>Click <B>Print</B> to send your finished <B>Photo Card</B> greeting to the printer.</LI></OL><B>Note:</B> Please follow the print directions on the Photo Card package for exact printing.<BR><BR><B>Tips:</B><BR><BR>Print your project on scrap paper first to check the alignment. spelling. and overall look of the project.<BR>
HL,Everyday Photo Cards,New Home,,,,3068500,40,HEY!-Borderless,57062,76,153,200,400,<B>Photo Cards</B> are a great way to combine your greeting with a favorite photo.<BR><BR><B>You'll Need:</B> 4 x 8 1/2 Photo Card Paper.<BR><BR><B>Directions:</B><BR><BR><OL><LI>Click<B> Personalize and Print Your Project</B> to open the Creative Workspace.</LI><LI>Make text changes as desired.</LI><LI><B>Double click</B> on the Add-a-Photo message to add your digital photo.</LI><LI>Click <B>Print</B> to send your finished <B>Photo Card</B> greeting to the printer.</LI></OL><B>Note:</B> Please follow the print directions on the Photo Card package for exact printing.<BR><BR><B>Tips:</B><BR><BR>Print your project on scrap paper first to check the alignment. spelling. and overall look of the project.<BR>
HL,Everyday Photo Cards,Thank You,,,,3068457,10,For Everything,57055,153,76,400,200,<B>Photo Cards</B> are a great way to combine your greeting with a favorite photo.<BR><BR><B>You'll Need:</B> 4 x 8 1/2 Photo Card Paper.<BR><BR><B>Directions:</B><BR><BR><OL><LI>Click<B> Personalize and Print Your Project</B> to open the Creative Workspace.</LI><LI>Make text changes as desired.</LI><LI><B>Double click</B> on the Add-a-Photo message to add your digital photo.</LI><LI>Click <B>Print</B> to send your finished <B>Photo Card</B> greeting to the printer.</LI></OL><B>Note:</B> Please follow the print directions on the Photo Card package for exact printing.<BR><BR><B>Tips:</B><BR><BR>Print your project on scrap paper first to check the alignment. spelling. and overall look of the project.<BR>
HL,Everyday Photo Cards,New Pet,,,,3068493,10,One Big Heart,57061,153,76,400,200,<B>Photo Cards</B> are a great way to combine your greeting with a favorite photo.<BR><BR><B>You'll Need:</B> 4 x 8 1/2 Photo Card Paper.<BR><BR><B>Directions:</B><BR><BR><OL><LI>Click<B> Personalize and Print Your Project</B> to open the Creative Workspace.</LI><LI>Make text changes as desired.</LI><LI><B>Double click</B> on the Add-a-Photo message to add your digital photo.</LI><LI>Click <B>Print</B> to send your finished <B>Photo Card</B> greeting to the printer.</LI></OL><B>Note:</B> Please follow the print directions on the Photo Card package for exact printing.<BR><BR><B>Tips:</B><BR><BR>Print your project on scrap paper first to check the alignment. spelling. and overall look of the project.<BR>
HL,Everyday Photo Cards,Thank You,,,,3068458,20,People Like You,57055,76,153,200,400,<B>Photo Cards</B> are a great way to combine your greeting with a favorite photo.<BR><BR><B>You'll Need:</B> 4 x 8 1/2 Photo Card Paper.<BR><BR><B>Directions:</B><BR><BR><OL><LI>Click<B> Personalize and Print Your Project</B> to open the Creative Workspace.</LI><LI>Make text changes as desired.</LI><LI><B>Double click</B> on the Add-a-Photo message to add your digital photo.</LI><LI>Click <B>Print</B> to send your finished <B>Photo Card</B> greeting to the printer.</LI></OL><B>Note:</B> Please follow the print directions on the Photo Card package for exact printing.<BR><BR><B>Tips:</B><BR><BR>Print your project on scrap paper first to check the alignment. spelling. and overall look of the project.<BR>
HL,Everyday Photo Cards,New Pet,,,,3068494,20,Purr-fect!,57061,76,153,200,400,<B>Photo Cards</B> are a great way to combine your greeting with a favorite photo.<BR><BR><B>You'll Need:</B> 4 x 8 1/2 Photo Card Paper.<BR><BR><B>Directions:</B><BR><BR><OL><LI>Click<B> Personalize and Print Your Project</B> to open the Creative Workspace.</LI><LI>Make text changes as desired.</LI><LI><B>Double click</B> on the Add-a-Photo message to add your digital photo.</LI><LI>Click <B>Print</B> to send your finished <B>Photo Card</B> greeting to the printer.</LI></OL><B>Note:</B> Please follow the print directions on the Photo Card package for exact printing.<BR><BR><B>Tips:</B><BR><BR>Print your project on scrap paper first to check the alignment. spelling. and overall look of the project.<BR>
HL,Everyday Photo Cards,Thank You,,,,3068459,30,Wonderful Gift,57055,76,153,200,400,<B>Photo Cards</B> are a great way to combine your greeting with a favorite photo.<BR><BR><B>You'll Need:</B> 4 x 8 1/2 Photo Card Paper.<BR><BR><B>Directions:</B><BR><BR><OL><LI>Click<B> Personalize and Print Your Project</B> to open the Creative Workspace.</LI><LI>Make text changes as desired.</LI><LI><B>Double click</B> on the Add-a-Photo message to add your digital photo.</LI><LI>Click <B>Print</B> to send your finished <B>Photo Card</B> greeting to the printer.</LI></OL><B>Note:</B> Please follow the print directions on the Photo Card package for exact printing.<BR><BR><B>Tips:</B><BR><BR>Print your project on scrap paper first to check the alignment. spelling. and overall look of the project.<BR>
HL,Everyday Photo Cards,New Pet,,,,3068495,30,New Pet,57061,153,76,400,200,<B>Photo Cards</B> are a great way to combine your greeting with a favorite photo.<BR><BR><B>You'll Need:</B> 4 x 8 1/2 Photo Card Paper.<BR><BR><B>Directions:</B><BR><BR><OL><LI>Click<B> Personalize and Print Your Project</B> to open the Creative Workspace.</LI><LI>Make text changes as desired.</LI><LI><B>Double click</B> on the Add-a-Photo message to add your digital photo.</LI><LI>Click <B>Print</B> to send your finished <B>Photo Card</B> greeting to the printer.</LI></OL><B>Note:</B> Please follow the print directions on the Photo Card package for exact printing.<BR><BR><B>Tips:</B><BR><BR>Print your project on scrap paper first to check the alignment. spelling. and overall look of the project.<BR>
HL,Everyday Photo Cards,Thank You,,,,3068460,40,Special Gift,57055,153,76,400,200,<B>Photo Cards</B> are a great way to combine your greeting with a favorite photo.<BR><BR><B>You'll Need:</B> 4 x 8 1/2 Photo Card Paper.<BR><BR><B>Directions:</B><BR><BR><OL><LI>Click<B> Personalize and Print Your Project</B> to open the Creative Workspace.</LI><LI>Make text changes as desired.</LI><LI><B>Double click</B> on the Add-a-Photo message to add your digital photo.</LI><LI>Click <B>Print</B> to send your finished <B>Photo Card</B> greeting to the printer.</LI></OL><B>Note:</B> Please follow the print directions on the Photo Card package for exact printing.<BR><BR><B>Tips:</B><BR><BR>Print your project on scrap paper first to check the alignment. spelling. and overall look of the project.<BR>
HL,Everyday Photo Cards,Thank You,,,,3068461,50,Thoughtfulness-Borderless,57055,153,76,400,200,<B>Photo Cards</B> are a great way to combine your greeting with a favorite photo.<BR><BR><B>You'll Need:</B> 4 x 8 1/2 Photo Card Paper.<BR><BR><B>Directions:</B><BR><BR><OL><LI>Click<B> Personalize and Print Your Project</B> to open the Creative Workspace.</LI><LI>Make text changes as desired.</LI><LI><B>Double click</B> on the Add-a-Photo message to add your digital photo.</LI><LI>Click <B>Print</B> to send your finished <B>Photo Card</B> greeting to the printer.</LI></OL><B>Note:</B> Please follow the print directions on the Photo Card package for exact printing.<BR><BR><B>Tips:</B><BR><BR>Print your project on scrap paper first to check the alignment. spelling. and overall look of the project.<BR>
HL,Everyday Photo Cards,Thank You,,,,3068462,60,Best Teacher,57055,76,153,200,400,<B>Photo Cards</B> are a great way to combine your greeting with a favorite photo.<BR><BR><B>You'll Need:</B> 4 x 8 1/2 Photo Card Paper.<BR><BR><B>Directions:</B><BR><BR><OL><LI>Click<B> Personalize and Print Your Project</B> to open the Creative Workspace.</LI><LI>Make text changes as desired.</LI><LI><B>Double click</B> on the Add-a-Photo message to add your digital photo.</LI><LI>Click <B>Print</B> to send your finished <B>Photo Card</B> greeting to the printer.</LI></OL><B>Note:</B> Please follow the print directions on the Photo Card package for exact printing.<BR><BR><B>Tips:</B><BR><BR>Print your project on scrap paper first to check the alignment. spelling. and overall look of the project.<BR>
HL,Everyday Photo Cards,Wedding,,,,3068507,10,Introducing&#133;,57066,76,153,200,400,<B>Photo Cards</B> are a great way to combine your greeting with a favorite photo.<BR><BR><B>You'll Need:</B> 4 x 8 1/2 Photo Card Paper.<BR><BR><B>Directions:</B><BR><BR><OL><LI>Click<B> Personalize and Print Your Project</B> to open the Creative Workspace.</LI><LI>Make text changes as desired.</LI><LI><B>Double click</B> on the Add-a-Photo message to add your digital photo.</LI><LI>Click <B>Print</B> to send your finished <B>Photo Card</B> greeting to the printer.</LI></OL><B>Note:</B> Please follow the print directions on the Photo Card package for exact printing.<BR><BR><B>Tips:</B><BR><BR>Print your project on scrap paper first to check the alignment. spelling. and overall look of the project.<BR>
HL,Everyday Photo Cards,Wedding,,,,3068508,20,Thank You,57066,153,76,400,200,<B>Photo Cards</B> are a great way to combine your greeting with a favorite photo.<BR><BR><B>You'll Need:</B> 4 x 8 1/2 Photo Card Paper.<BR><BR><B>Directions:</B><BR><BR><OL><LI>Click<B> Personalize and Print Your Project</B> to open the Creative Workspace.</LI><LI>Make text changes as desired.</LI><LI><B>Double click</B> on the Add-a-Photo message to add your digital photo.</LI><LI>Click <B>Print</B> to send your finished <B>Photo Card</B> greeting to the printer.</LI></OL><B>Note:</B> Please follow the print directions on the Photo Card package for exact printing.<BR><BR><B>Tips:</B><BR><BR>Print your project on scrap paper first to check the alignment. spelling. and overall look of the project.<BR>
HL,Everyday Photo Cards,Wedding,,,,3068509,30,Just Married,57066,153,76,400,200,<B>Photo Cards</B> are a great way to combine your greeting with a favorite photo.<BR><BR><B>You'll Need:</B> 4 x 8 1/2 Photo Card Paper.<BR><BR><B>Directions:</B><BR><BR><OL><LI>Click<B> Personalize and Print Your Project</B> to open the Creative Workspace.</LI><LI>Make text changes as desired.</LI><LI><B>Double click</B> on the Add-a-Photo message to add your digital photo.</LI><LI>Click <B>Print</B> to send your finished <B>Photo Card</B> greeting to the printer.</LI></OL><B>Note:</B> Please follow the print directions on the Photo Card package for exact printing.<BR><BR><B>Tips:</B><BR><BR>Print your project on scrap paper first to check the alignment. spelling. and overall look of the project.<BR>
HL,Everyday Photo Cards,Wedding,,,,3068510,40,Cordially Invited,57066,153,76,400,200,<B>Photo Cards</B> are a great way to combine your greeting with a favorite photo.<BR><BR><B>You'll Need:</B> 4 x 8 1/2 Photo Card Paper.<BR><BR><B>Directions:</B><BR><BR><OL><LI>Click<B> Personalize and Print Your Project</B> to open the Creative Workspace.</LI><LI>Make text changes as desired.</LI><LI><B>Double click</B> on the Add-a-Photo message to add your digital photo.</LI><LI>Click <B>Print</B> to send your finished <B>Photo Card</B> greeting to the printer.</LI></OL><B>Note:</B> Please follow the print directions on the Photo Card package for exact printing.<BR><BR><B>Tips:</B><BR><BR>Print your project on scrap paper first to check the alignment. spelling. and overall look of the project.<BR>
